[90m2025-12-27T06:47:06.778Z[39m [96mINFO[39m [97m@wdio/browserstack-service[39m BrowserStack service started with id: 17b76417-116d-4b66-bb95-26cb0abbe3c0
[90m2025-12-27T06:47:06.778Z[39m [32mDEBUG[39m [97m@wdio/browserstack-service[39m _options data: {}
[90m2025-12-27T06:47:06.778Z[39m [32mDEBUG[39m [97m@wdio/browserstack-service[39m webdriver capabilities data: [{"browserName":"Chrome","bstack:options":{"deviceName":"Samsung Galaxy S24","osVersion":"14","realMobile":true,"sessionName":"Galaxy S24 Test","buildName":"codespaces-browserstack-mobile"}},{"browserName":"Safari","bstack:options":{"deviceName":"iPhone 15","osVersion":"17","realMobile":true,"sessionName":"iPhone 15 Test","buildName":"codespaces-browserstack-mobile"}}]
[90m2025-12-27T06:47:06.779Z[39m [32mDEBUG[39m [97m@wdio/browserstack-service[39m _config data: {"rootDir":"/workspaces/vscodeweb","specs":["./tests/bdo_test.js"],"suites":{},"exclude":[],"capabilities":[],"logLevel":"info","logLevels":{},"groupLogsByTestSpec":false,"excludeDriverLogs":[],"bail":0,"waitforInterval":100,"waitforTimeout":5000,"framework":"mocha","reporters":["spec",["allure",{"outputDir":"./allure-results","disableWebdriverStepsReporting":true,"disableWebdriverScreenshotsReporting":false}]],"services":["browserstack"],"maxInstances":2,"maxInstancesPerCapability":100,"injectGlobals":true,"filesToWatch":[],"connectionRetryTimeout":120000,"connectionRetryCount":3,"execArgv":[],"runnerEnv":{"FORCE_COLOR":"1"},"runner":"local","shard":{"current":1,"total":1},"specFileRetries":0,"specFileRetriesDelay":0,"specFileRetriesDeferred":false,"autoAssertOnTestEnd":true,"reporterSyncInterval":100,"reporterSyncTimeout":5000,"cucumberFeaturesWithLineNumbers":[],"mochaOpts":{"timeout":300000,"ui":"bdd"},"jasmineOpts":{"defaultTimeoutInterval":10000},"cucumberOpts":{"timeout":10000},"onPrepare":[null],"onWorkerStart":[],"onWorkerEnd":[],"before":[],"beforeSession":[],"beforeSuite":[],"beforeHook":[],"beforeTest":[],"beforeCommand":[],"afterCommand":[],"afterTest":[null],"afterHook":[],"afterSuite":[],"afterSession":[],"after":[],"onComplete":[null],"onReload":[],"beforeAssertion":[],"afterAssertion":[],"beforeFeature":[],"beforeScenario":[],"beforeStep":[],"afterStep":[],"afterScenario":[],"afterFeature":[],"_":["wdio.config.js","wdio.config.js"],"$0":"node_modules/.bin/wdio","user":"[REDACTED]","key":"[REDACTED]"}
[90m2025-12-27T06:47:06.782Z[39m [32mDEBUG[39m [97m@wdio/browserstack-service[39m Sending SDK event with data {
  userName: '[REDACTED]',
  accessKey: '[REDACTED]',
  event_type: 'SDKTestAttempted',
  detectedFramework: 'WebdriverIO-mocha',
  event_properties: {
    sdkRunId: '17b76417-116d-4b66-bb95-26cb0abbe3c0',
    testhub_uuid: undefined,
    language_framework: 'WebdriverIO_mocha',
    referrer: 'WebdriverIO-mocha/9.21.0',
    language: 'WebdriverIO',
    languageVersion: 'v24.11.1',
    buildName: 'codespaces-browserstack-mobile',
    buildIdentifier: 'undefined',
    os: 'Linux',
    hostname: 'codespaces-3282eb',
    productMap: {
      observability: true,
      accessibility: null,
      percy: false,
      automate: true,
      app_automate: false
    },
    product: [ 'observability', 'automate' ],
    framework: 'mocha'
  }
}
[90m2025-12-27T06:47:07.130Z[39m [32mDEBUG[39m [97m@wdio/browserstack-service[39m Funnel Event Response: "{\"message\":\"SDK Event recorded successfully\"}"
[90m2025-12-27T06:47:07.130Z[39m [32mDEBUG[39m [97m@wdio/browserstack-service[39m Funnel event success
[90m2025-12-27T06:47:07.133Z[39m [96mINFO[39m [97m@wdio/browserstack-service[39m startMain: Starting main process
[90m2025-12-27T06:47:07.134Z[39m [32mDEBUG[39m [97m@wdio/browserstack-service[39m Configuring Cli path.
[90m2025-12-27T06:47:07.134Z[39m [32mDEBUG[39m [97m@wdio/browserstack-service[39m File /home/codespace/.browserstack already exist
[90m2025-12-27T06:47:07.140Z[39m [96mINFO[39m [97m@wdio/browserstack-service[39m Current CLI Path Found: /home/codespace/.browserstack/cli/binary-linuxstatic-x64
[90m2025-12-27T06:47:08.239Z[39m [32mDEBUG[39m [97m@wdio/browserstack-service[39m response {"success":true}
[90m2025-12-27T06:47:08.240Z[39m [32mDEBUG[39m [97m@wdio/browserstack-service[39m Resolved binary path: /home/codespace/.browserstack/cli/binary-linuxstatic-x64
[90m2025-12-27T06:47:08.240Z[39m [32mDEBUG[39m [97m@wdio/browserstack-service[39m spawning command='/home/codespace/.browserstack/cli/binary-linuxstatic-x64,sdk'
[90m2025-12-27T06:47:08.773Z[39m [32mDEBUG[39m [97m@wdio/browserstack-service[39m CLI params loaded: {"id":"5040ab38-8245-4eb4-b54a-905316782709","listen":"unix:/tmp/sdk-platform-5040ab38-8245-4eb4-b54a-905316782709.sock"}
[90m2025-12-27T06:47:08.780Z[39m [96mINFO[39m [97m@wdio/browserstack-service[39m Connected to gRPC server at unix:/tmp/sdk-platform-5040ab38-8245-4eb4-b54a-905316782709.sock
[90m2025-12-27T06:47:08.780Z[39m [96mINFO[39m [97m@wdio/browserstack-service[39m Initialized gRPC client with bin session id: 5040ab38-8245-4eb4-b54a-905316782709 and listen address: unix:/tmp/sdk-platform-5040ab38-8245-4eb4-b54a-905316782709.sock
[90m2025-12-27T06:47:08.781Z[39m [32mDEBUG[39m [97m@wdio/browserstack-service[39m startMain: main-process started
[90m2025-12-27T06:47:08.781Z[39m [32mDEBUG[39m [97m@wdio/browserstack-service[39m startBinSession: Calling startBinSession
[90m2025-12-27T06:47:09.708Z[39m [96mINFO[39m [97m@wdio/browserstack-service[39m StartBinSession successful
[90m2025-12-27T06:47:09.710Z[39m [32mDEBUG[39m [97m@wdio/browserstack-service[39m Is CLI running true
[90m2025-12-27T06:47:09.711Z[39m [33mWARN[39m [97m@wdio/browserstack-service[39m Accessibility Automation will run only on Chrome browsers.
[90m2025-12-27T06:47:09.708Z[39m [32mDEBUG[39m [97m@wdio/browserstack-service[39m start: startBinSession response={"binSessionId":"5040ab38-8245-4eb4-b54a-905316782709","config":"{\"userName\":\"christianbuenvia_N9hiQw\",\"accessKey\":\"D5m6sDYaoMh4scFx834U\",\"platforms\":[{\"browserName\":\"Chrome\",\"deviceName\":\"Samsung Galaxy S24\",\"osVersion\":\"14\",\"realMobile\":true,\"sessionName\":\"Galaxy S24 Test\",\"buildName\":\"codespaces-browserstack-mobile\",\"wdioService\":\"9.21.0\"},{\"browserName\":\"Safari\",\"deviceName\":\"iPhone 15\",\"osVersion\":\"17\",\"realMobile\":true,\"sessionName\":\"iPhone 15 Test\",\"buildName\":\"codespaces-browserstack-mobile\",\"wdioService\":\"9.21.0\"}],\"isNonBstackA11yWDIO\":false,\"accessibility\":false,\"testObservability\":true,\"testContextOptions\":{\"skipSessionName\":false,\"skipSessionStatus\":false,\"sessionNameOmitTestTitle\":false,\"sessionNamePrependTopLevelSuiteTitle\":false,\"sessionNameFormat\":\"\"},\"buildTag\":[],\"browserstackLocal\":false,\"browserstackAutomation\":true,\"selfHeal\":false,\"disableAutoCaptureLogs\":false,\"testhub\":true,\"additionalPlatforms\":[],\"additionalParams\":{},\"buildName\":\"codespaces-browserstack-mobile\",\"buildIdentifier\":\"#20\",\"browserStackLocalOptions\":{\"key\":\"D5m6sDYaoMh4scFx834U\",\"skipBinaryInitialisation\":false},\"testOrchestrationOptions\":{\"retryTestsOnFailure\":{},\"abortBuildOnFailure\":{}},\"apis\":{\"automate\":{\"hub\":\"https://hub.browserstack.com\",\"cdp\":\"https://cdp.browserstack.com\",\"api\":\"https://api.browserstack.com\",\"upload\":\"https://api-cloud.browserstack.com\"},\"appAutomate\":{\"hub\":\"https://hub.browserstack.com\",\"api\":\"https://api.browserstack.com\",\"upload\":\"https://api-cloud.browserstack.com\"},\"percy\":{\"api\":\"https://api.browserstack.com\"},\"turboScale\":{\"api\":\"https://grid.browserstack.com\"},\"accessibility\":{\"api\":\"https://accessibility.browserstack.com\"},\"appAccessibility\":{\"api\":\"https://app-accessibility.browserstack.com\"},\"observability\":{\"api\":\"https://collector-observability.browserstack.com\",\"upload\":\"https://upload-observability.browserstack.com\"},\"configServer\":{\"api\":\"https://sdk.browserstack.com\"},\"edsInstrumentation\":{\"api\":\"https://eds.browserstack.com\"},\"tcg\":{\"api\":\"https://tcg.browserstack.com\"}},\"hubUrl\":\"https://hub.browserstack.com/wd/hub\"}","testhub":{"jwt":"eyJhbGciOiJSUzI1NiJ9.eyJleHAiOiIxNzY2ODI4ODI5IiwiaXNzIjoid3d3LmJyb3dzZXJzdGFjay5jb20iLCJzdWIiOjEwMDA0MDIzLCJzY29wZSI6eyJwcm9kdWN0Ijoic2RrIiwidXNlcl9hY2Nlc3MiOnsidGVzdF9vYnNlcnZhYmlsaXR5IjoxLCJhdXRvbWF0ZSI6MSwiYXBwX2F1dG9tYXRlIjoxLCJwZXJjeSI6MCwiYXBwX3BlcmN5IjowLCJhY2Nlc3NpYmlsaXR5X3Rlc3RpbmciOjAsImFwcF9hY2Nlc3NpYmlsaXR5X3Rlc3RpbmciOjAsImF1dG9tYXRlX3R1cmJvc2NhbGUiOjAsImxvd19jb2RlX2F1dG9tYXRpb24iOjF9LCJpYWFtX3JvbGUiOiJ1c2VyIn0sImdyb3VwX2lkIjo2NDc3MzQ4LCJ0ZWFtX2lkIjoyNjIxMCwidWRhY19hY2Nlc3MiOiJ0ZWFtIn0.m67icTdkO1y-dYPhZ6iMiozpWeoMx_njeZGdds-XONYaLqU7Aq3Q0MDKZW96x_PWx3sNrKbiWRxet2aY7t142hTxeQn__AX15eZIb753JP_NdKUq2lYpYuXFJF99dazp-yNSDY-lbKSzC88xMM0j1HtwubZLLcrAbqpxmB8VjliasDLeqiZn1hZ_rTQnk7OVWq3sRognsO5QhMegBAng_FpL_tFjkXS2c8-4dV6UsWjTtJ8-hDQ_ziiv6c_d84929PIRiPLDIPnL9S_bOluiGLyOvmQquA6a0XHT13BDXTOLxCxH9LHx3G_bYDf7iSXfF9Y63BeyHINMWasLihUhvQ","buildHashedId":"cdwhsqrw8fcxzdl5c10fecaxzgisyakwylk1zinm","testhubEvents":true,"errors":{}},"observability":{"success":true,"errors":[]},"sessionFramework":"wdio.config.js"}
[90m2025-12-27T06:47:09.709Z[39m [96mINFO[39m [97m@wdio/browserstack-service[39m loadModules: binSessionId=5040ab38-8245-4eb4-b54a-905316782709
[90m2025-12-27T06:47:09.709Z[39m [32mDEBUG[39m [97m@wdio/browserstack-service[39m loadModules: config={"userName":"christianbuenvia_N9hiQw","accessKey":"D5m6sDYaoMh4scFx834U","platforms":[{"browserName":"Chrome","deviceName":"Samsung Galaxy S24","osVersion":"14","realMobile":true,"sessionName":"Galaxy S24 Test","buildName":"codespaces-browserstack-mobile","wdioService":"9.21.0"},{"browserName":"Safari","deviceName":"iPhone 15","osVersion":"17","realMobile":true,"sessionName":"iPhone 15 Test","buildName":"codespaces-browserstack-mobile","wdioService":"9.21.0"}],"isNonBstackA11yWDIO":false,"accessibility":false,"testObservability":true,"testContextOptions":{"skipSessionName":false,"skipSessionStatus":false,"sessionNameOmitTestTitle":false,"sessionNamePrependTopLevelSuiteTitle":false,"sessionNameFormat":""},"buildTag":[],"browserstackLocal":false,"browserstackAutomation":true,"selfHeal":false,"disableAutoCaptureLogs":false,"testhub":true,"additionalPlatforms":[],"additionalParams":{},"buildName":"codespaces-browserstack-mobile","buildIdentifier":"#20","browserStackLocalOptions":{"key":"D5m6sDYaoMh4scFx834U","skipBinaryInitialisation":false},"testOrchestrationOptions":{"retryTestsOnFailure":{},"abortBuildOnFailure":{}},"apis":{"automate":{"hub":"https://hub.browserstack.com","cdp":"https://cdp.browserstack.com","api":"https://api.browserstack.com","upload":"https://api-cloud.browserstack.com"},"appAutomate":{"hub":"https://hub.browserstack.com","api":"https://api.browserstack.com","upload":"https://api-cloud.browserstack.com"},"percy":{"api":"https://api.browserstack.com"},"turboScale":{"api":"https://grid.browserstack.com"},"accessibility":{"api":"https://accessibility.browserstack.com"},"appAccessibility":{"api":"https://app-accessibility.browserstack.com"},"observability":{"api":"https://collector-observability.browserstack.com","upload":"https://upload-observability.browserstack.com"},"configServer":{"api":"https://sdk.browserstack.com"},"edsInstrumentation":{"api":"https://eds.browserstack.com"},"tcg":{"api":"https://tcg.browserstack.com"}},"hubUrl":"https://hub.browserstack.com/wd/hub"}
[90m2025-12-27T06:47:09.709Z[39m [96mINFO[39m [97m@wdio/browserstack-service[39m AutomateModule: Initializing Automate Module
[90m2025-12-27T06:47:09.710Z[39m [32mDEBUG[39m [97m@wdio/browserstack-service[39m configureModules: Configuring modules
[90m2025-12-27T06:47:09.710Z[39m [32mDEBUG[39m [97m@wdio/browserstack-service[39m configureModules: Configuring module=WebdriverIOModule platformIndex=0
[90m2025-12-27T06:47:09.710Z[39m [32mDEBUG[39m [97m@wdio/browserstack-service[39m Configured module WebdriverIOModule with binSessionId=5040ab38-8245-4eb4-b54a-905316782709, platformIndex=0
[90m2025-12-27T06:47:09.710Z[39m [32mDEBUG[39m [97m@wdio/browserstack-service[39m configureModules: Configuring module=AutomateModule platformIndex=0
[90m2025-12-27T06:47:09.710Z[39m [32mDEBUG[39m [97m@wdio/browserstack-service[39m Configured module AutomateModule with binSessionId=5040ab38-8245-4eb4-b54a-905316782709, platformIndex=0
[90m2025-12-27T06:47:09.710Z[39m [32mDEBUG[39m [97m@wdio/browserstack-service[39m configureModules: Configuring module=ObservabilityModule platformIndex=0
[90m2025-12-27T06:47:09.710Z[39m [32mDEBUG[39m [97m@wdio/browserstack-service[39m Configured module ObservabilityModule with binSessionId=5040ab38-8245-4eb4-b54a-905316782709, platformIndex=0
[90m2025-12-27T06:47:09.711Z[39m [32mDEBUG[39m [97m@wdio/browserstack-service[39m configureModules: Configuring module=TestHubModule platformIndex=0
[90m2025-12-27T06:47:09.711Z[39m [32mDEBUG[39m [97m@wdio/browserstack-service[39m Configured module TestHubModule with binSessionId=5040ab38-8245-4eb4-b54a-905316782709, platformIndex=0
[90m2025-12-27T06:47:12.565Z[39m [96mINFO[39m [97m@wdio/browserstack-service[39m Starting as child process with session ID: 5040ab38-8245-4eb4-b54a-905316782709
[90m2025-12-27T06:47:12.568Z[39m [96mINFO[39m [97m@wdio/browserstack-service[39m Connected to gRPC server at unix:/tmp/sdk-platform-5040ab38-8245-4eb4-b54a-905316782709.sock
[90m2025-12-27T06:47:12.569Z[39m [32mDEBUG[39m [97m@wdio/browserstack-service[39m Connecting bin session
[90m2025-12-27T06:47:12.572Z[39m [96mINFO[39m [97m@wdio/browserstack-service[39m Starting as child process with session ID: 5040ab38-8245-4eb4-b54a-905316782709
[90m2025-12-27T06:47:12.578Z[39m [96mINFO[39m [97m@wdio/browserstack-service[39m Connected to gRPC server at unix:/tmp/sdk-platform-5040ab38-8245-4eb4-b54a-905316782709.sock
[90m2025-12-27T06:47:12.579Z[39m [32mDEBUG[39m [97m@wdio/browserstack-service[39m Connecting bin session
[90m2025-12-27T06:47:13.403Z[39m [96mINFO[39m [97m@wdio/browserstack-service[39m ConnectBinSession successful
[90m2025-12-27T06:47:13.403Z[39m [96mINFO[39m [97m@wdio/browserstack-service[39m ConnectBinSession successful
[90m2025-12-27T06:47:13.404Z[39m [96mINFO[39m [97m@wdio/browserstack-service[39m Connected to bin session: {"binSessionId":"5040ab38-8245-4eb4-b54a-905316782709","config":"{\"userName\":\"christianbuenvia_N9hiQw\",\"accessKey\":\"D5m6sDYaoMh4scFx834U\",\"platforms\":[{\"browserName\":\"Chrome\",\"deviceName\":\"Samsung Galaxy S24\",\"osVersion\":\"14\",\"realMobile\":true,\"sessionName\":\"Galaxy S24 Test\",\"buildName\":\"codespaces-browserstack-mobile\",\"wdioService\":\"9.21.0\"},{\"browserName\":\"Safari\",\"deviceName\":\"iPhone 15\",\"osVersion\":\"17\",\"realMobile\":true,\"sessionName\":\"iPhone 15 Test\",\"buildName\":\"codespaces-browserstack-mobile\",\"wdioService\":\"9.21.0\"}],\"isNonBstackA11yWDIO\":false,\"accessibility\":false,\"testObservability\":true,\"testContextOptions\":{\"skipSessionName\":false,\"skipSessionStatus\":false,\"sessionNameOmitTestTitle\":false,\"sessionNamePrependTopLevelSuiteTitle\":false,\"sessionNameFormat\":\"\"},\"buildTag\":[],\"browserstackLocal\":false,\"browserstackAutomation\":true,\"selfHeal\":false,\"disableAutoCaptureLogs\":false,\"testhub\":true,\"additionalPlatforms\":[],\"additionalParams\":{},\"buildName\":\"codespaces-browserstack-mobile\",\"buildIdentifier\":\"#20\",\"browserStackLocalOptions\":{\"key\":\"D5m6sDYaoMh4scFx834U\",\"skipBinaryInitialisation\":false},\"testOrchestrationOptions\":{\"retryTestsOnFailure\":{},\"abortBuildOnFailure\":{}},\"apis\":{\"automate\":{\"hub\":\"https://hub.browserstack.com\",\"cdp\":\"https://cdp.browserstack.com\",\"api\":\"https://api.browserstack.com\",\"upload\":\"https://api-cloud.browserstack.com\"},\"appAutomate\":{\"hub\":\"https://hub.browserstack.com\",\"api\":\"https://api.browserstack.com\",\"upload\":\"https://api-cloud.browserstack.com\"},\"percy\":{\"api\":\"https://api.browserstack.com\"},\"turboScale\":{\"api\":\"https://grid.browserstack.com\"},\"accessibility\":{\"api\":\"https://accessibility.browserstack.com\"},\"appAccessibility\":{\"api\":\"https://app-accessibility.browserstack.com\"},\"observability\":{\"api\":\"https://collector-observability.browserstack.com\",\"upload\":\"https://upload-observability.browserstack.com\"},\"configServer\":{\"api\":\"https://sdk.browserstack.com\"},\"edsInstrumentation\":{\"api\":\"https://eds.browserstack.com\"},\"tcg\":{\"api\":\"https://tcg.browserstack.com\"}},\"hubUrl\":\"https://hub-apse.browserstack.com/wd/hub\"}","testhub":{"jwt":"eyJhbGciOiJSUzI1NiJ9.eyJleHAiOiIxNzY2ODI4ODI5IiwiaXNzIjoid3d3LmJyb3dzZXJzdGFjay5jb20iLCJzdWIiOjEwMDA0MDIzLCJzY29wZSI6eyJwcm9kdWN0Ijoic2RrIiwidXNlcl9hY2Nlc3MiOnsidGVzdF9vYnNlcnZhYmlsaXR5IjoxLCJhdXRvbWF0ZSI6MSwiYXBwX2F1dG9tYXRlIjoxLCJwZXJjeSI6MCwiYXBwX3BlcmN5IjowLCJhY2Nlc3NpYmlsaXR5X3Rlc3RpbmciOjAsImFwcF9hY2Nlc3NpYmlsaXR5X3Rlc3RpbmciOjAsImF1dG9tYXRlX3R1cmJvc2NhbGUiOjAsImxvd19jb2RlX2F1dG9tYXRpb24iOjF9LCJpYWFtX3JvbGUiOiJ1c2VyIn0sImdyb3VwX2lkIjo2NDc3MzQ4LCJ0ZWFtX2lkIjoyNjIxMCwidWRhY19hY2Nlc3MiOiJ0ZWFtIn0.m67icTdkO1y-dYPhZ6iMiozpWeoMx_njeZGdds-XONYaLqU7Aq3Q0MDKZW96x_PWx3sNrKbiWRxet2aY7t142hTxeQn__AX15eZIb753JP_NdKUq2lYpYuXFJF99dazp-yNSDY-lbKSzC88xMM0j1HtwubZLLcrAbqpxmB8VjliasDLeqiZn1hZ_rTQnk7OVWq3sRognsO5QhMegBAng_FpL_tFjkXS2c8-4dV6UsWjTtJ8-hDQ_ziiv6c_d84929PIRiPLDIPnL9S_bOluiGLyOvmQquA6a0XHT13BDXTOLxCxH9LHx3G_bYDf7iSXfF9Y63BeyHINMWasLihUhvQ","buildHashedId":"cdwhsqrw8fcxzdl5c10fecaxzgisyakwylk1zinm","testhubEvents":true,"errors":{}},"observability":{"success":true,"errors":[]},"sessionFramework":"selenium","testOrchestration":{"retryTestsOnFailure":{"enabled":false,"maxRetries":0},"abortBuildOnFailure":{"enabled":false,"maxFailures":0}}}
[90m2025-12-27T06:47:13.405Z[39m [96mINFO[39m [97m@wdio/browserstack-service[39m loadModules: binSessionId=5040ab38-8245-4eb4-b54a-905316782709
[90m2025-12-27T06:47:13.405Z[39m [32mDEBUG[39m [97m@wdio/browserstack-service[39m loadModules: config={"userName":"christianbuenvia_N9hiQw","accessKey":"D5m6sDYaoMh4scFx834U","platforms":[{"browserName":"Chrome","deviceName":"Samsung Galaxy S24","osVersion":"14","realMobile":true,"sessionName":"Galaxy S24 Test","buildName":"codespaces-browserstack-mobile","wdioService":"9.21.0"},{"browserName":"Safari","deviceName":"iPhone 15","osVersion":"17","realMobile":true,"sessionName":"iPhone 15 Test","buildName":"codespaces-browserstack-mobile","wdioService":"9.21.0"}],"isNonBstackA11yWDIO":false,"accessibility":false,"testObservability":true,"testContextOptions":{"skipSessionName":false,"skipSessionStatus":false,"sessionNameOmitTestTitle":false,"sessionNamePrependTopLevelSuiteTitle":false,"sessionNameFormat":""},"buildTag":[],"browserstackLocal":false,"browserstackAutomation":true,"selfHeal":false,"disableAutoCaptureLogs":false,"testhub":true,"additionalPlatforms":[],"additionalParams":{},"buildName":"codespaces-browserstack-mobile","buildIdentifier":"#20","browserStackLocalOptions":{"key":"D5m6sDYaoMh4scFx834U","skipBinaryInitialisation":false},"testOrchestrationOptions":{"retryTestsOnFailure":{},"abortBuildOnFailure":{}},"apis":{"automate":{"hub":"https://hub.browserstack.com","cdp":"https://cdp.browserstack.com","api":"https://api.browserstack.com","upload":"https://api-cloud.browserstack.com"},"appAutomate":{"hub":"https://hub.browserstack.com","api":"https://api.browserstack.com","upload":"https://api-cloud.browserstack.com"},"percy":{"api":"https://api.browserstack.com"},"turboScale":{"api":"https://grid.browserstack.com"},"accessibility":{"api":"https://accessibility.browserstack.com"},"appAccessibility":{"api":"https://app-accessibility.browserstack.com"},"observability":{"api":"https://collector-observability.browserstack.com","upload":"https://upload-observability.browserstack.com"},"configServer":{"api":"https://sdk.browserstack.com"},"edsInstrumentation":{"api":"https://eds.browserstack.com"},"tcg":{"api":"https://tcg.browserstack.com"}},"hubUrl":"https://hub-apse.browserstack.com/wd/hub"}
[90m2025-12-27T06:47:13.406Z[39m [96mINFO[39m [97m@wdio/browserstack-service[39m AutomateModule: Initializing Automate Module
[90m2025-12-27T06:47:13.407Z[39m [32mDEBUG[39m [97m@wdio/browserstack-service[39m configureModules: Configuring modules
[90m2025-12-27T06:47:13.407Z[39m [32mDEBUG[39m [97m@wdio/browserstack-service[39m configureModules: Configuring module=WebdriverIOModule platformIndex=0
[90m2025-12-27T06:47:13.407Z[39m [32mDEBUG[39m [97m@wdio/browserstack-service[39m Configured module WebdriverIOModule with binSessionId=5040ab38-8245-4eb4-b54a-905316782709, platformIndex=0
[90m2025-12-27T06:47:13.407Z[39m [32mDEBUG[39m [97m@wdio/browserstack-service[39m configureModules: Configuring module=AutomateModule platformIndex=0
[90m2025-12-27T06:47:13.407Z[39m [32mDEBUG[39m [97m@wdio/browserstack-service[39m Configured module AutomateModule with binSessionId=5040ab38-8245-4eb4-b54a-905316782709, platformIndex=0
[90m2025-12-27T06:47:13.407Z[39m [32mDEBUG[39m [97m@wdio/browserstack-service[39m configureModules: Configuring module=ObservabilityModule platformIndex=0
[90m2025-12-27T06:47:13.407Z[39m [32mDEBUG[39m [97m@wdio/browserstack-service[39m Configured module ObservabilityModule with binSessionId=5040ab38-8245-4eb4-b54a-905316782709, platformIndex=0
[90m2025-12-27T06:47:13.408Z[39m [96mINFO[39m [97m@wdio/browserstack-service[39m trackEvent: automationFrameworkState=AutomationFrameworkState.CREATE hookState=HookState.PRE
[90m2025-12-27T06:47:13.408Z[39m [96mINFO[39m [97m@wdio/browserstack-service[39m trackEvent: automationFrameworkState=AutomationFrameworkState.CREATE hookState=HookState.PRE args=[object Object]
[90m2025-12-27T06:47:13.408Z[39m [32mDEBUG[39m [97m@wdio/browserstack-service[39m configureModules: Configuring module=TestHubModule platformIndex=0
[90m2025-12-27T06:47:13.408Z[39m [32mDEBUG[39m [97m@wdio/browserstack-service[39m Configured module TestHubModule with binSessionId=5040ab38-8245-4eb4-b54a-905316782709, platformIndex=0
[90m2025-12-27T06:47:13.408Z[39m [96mINFO[39m [97m@wdio/browserstack-service[39m resolveInstance: resolving instance for automationFrameworkState=AutomationFrameworkState.CREATE hookState=HookState.PRE
[90m2025-12-27T06:47:13.409Z[39m [32mDEBUG[39m [97m@wdio/browserstack-service[39m getTrackedInstance: 28735:0
[90m2025-12-27T06:47:13.411Z[39m [96mINFO[39m [97m@wdio/browserstack-service[39m trackWebdriverIOInstance: created instance for target=28735:0, state=AutomationFrameworkState.CREATE, args=[object Object]
[90m2025-12-27T06:47:13.411Z[39m [32mDEBUG[39m [97m@wdio/browserstack-service[39m setTrackedInstance: 5ff19818c5510eefce19bc7b7b1e7b06af88cb5e13512144f76d016f3a6f2a53
[90m2025-12-27T06:47:13.411Z[39m [96mINFO[39m [97m@wdio/browserstack-service[39m trackWebdriverIOInstance: saved instance contextId=5ff19818c5510eefce19bc7b7b1e7b06af88cb5e13512144f76d016f3a6f2a53 target=28735:0
[90m2025-12-27T06:47:13.411Z[39m [32mDEBUG[39m [97m@wdio/browserstack-service[39m getTrackedInstance: 28735:0
[90m2025-12-27T06:47:13.412Z[39m [96mINFO[39m [97m@wdio/browserstack-service[39m runHooks: automationFrameworkState=AutomationFrameworkState.CREATE hookState=HookState.PRE
[90m2025-12-27T06:47:13.412Z[39m [32mDEBUG[39m [97m@wdio/browserstack-service[39m onBeforeDriverCreate: driver is about to be created
[90m2025-12-27T06:47:13.412Z[39m [96mINFO[39m [97m@wdio/browserstack-service[39m Sending driverInitEvent
[90m2025-12-27T06:47:13.405Z[39m [96mINFO[39m [97m@wdio/browserstack-service[39m Connected to bin session: {"binSessionId":"5040ab38-8245-4eb4-b54a-905316782709","config":"{\"userName\":\"christianbuenvia_N9hiQw\",\"accessKey\":\"D5m6sDYaoMh4scFx834U\",\"platforms\":[{\"browserName\":\"Chrome\",\"deviceName\":\"Samsung Galaxy S24\",\"osVersion\":\"14\",\"realMobile\":true,\"sessionName\":\"Galaxy S24 Test\",\"buildName\":\"codespaces-browserstack-mobile\",\"wdioService\":\"9.21.0\"},{\"browserName\":\"Safari\",\"deviceName\":\"iPhone 15\",\"osVersion\":\"17\",\"realMobile\":true,\"sessionName\":\"iPhone 15 Test\",\"buildName\":\"codespaces-browserstack-mobile\",\"wdioService\":\"9.21.0\"}],\"isNonBstackA11yWDIO\":false,\"accessibility\":false,\"testObservability\":true,\"testContextOptions\":{\"skipSessionName\":false,\"skipSessionStatus\":false,\"sessionNameOmitTestTitle\":false,\"sessionNamePrependTopLevelSuiteTitle\":false,\"sessionNameFormat\":\"\"},\"buildTag\":[],\"browserstackLocal\":false,\"browserstackAutomation\":true,\"selfHeal\":false,\"disableAutoCaptureLogs\":false,\"testhub\":true,\"additionalPlatforms\":[],\"additionalParams\":{},\"buildName\":\"codespaces-browserstack-mobile\",\"buildIdentifier\":\"#20\",\"browserStackLocalOptions\":{\"key\":\"D5m6sDYaoMh4scFx834U\",\"skipBinaryInitialisation\":false},\"testOrchestrationOptions\":{\"retryTestsOnFailure\":{},\"abortBuildOnFailure\":{}},\"apis\":{\"automate\":{\"hub\":\"https://hub.browserstack.com\",\"cdp\":\"https://cdp.browserstack.com\",\"api\":\"https://api.browserstack.com\",\"upload\":\"https://api-cloud.browserstack.com\"},\"appAutomate\":{\"hub\":\"https://hub.browserstack.com\",\"api\":\"https://api.browserstack.com\",\"upload\":\"https://api-cloud.browserstack.com\"},\"percy\":{\"api\":\"https://api.browserstack.com\"},\"turboScale\":{\"api\":\"https://grid.browserstack.com\"},\"accessibility\":{\"api\":\"https://accessibility.browserstack.com\"},\"appAccessibility\":{\"api\":\"https://app-accessibility.browserstack.com\"},\"observability\":{\"api\":\"https://collector-observability.browserstack.com\",\"upload\":\"https://upload-observability.browserstack.com\"},\"configServer\":{\"api\":\"https://sdk.browserstack.com\"},\"edsInstrumentation\":{\"api\":\"https://eds.browserstack.com\"},\"tcg\":{\"api\":\"https://tcg.browserstack.com\"}},\"hubUrl\":\"https://hub-apse.browserstack.com/wd/hub\"}","testhub":{"jwt":"eyJhbGciOiJSUzI1NiJ9.eyJleHAiOiIxNzY2ODI4ODI5IiwiaXNzIjoid3d3LmJyb3dzZXJzdGFjay5jb20iLCJzdWIiOjEwMDA0MDIzLCJzY29wZSI6eyJwcm9kdWN0Ijoic2RrIiwidXNlcl9hY2Nlc3MiOnsidGVzdF9vYnNlcnZhYmlsaXR5IjoxLCJhdXRvbWF0ZSI6MSwiYXBwX2F1dG9tYXRlIjoxLCJwZXJjeSI6MCwiYXBwX3BlcmN5IjowLCJhY2Nlc3NpYmlsaXR5X3Rlc3RpbmciOjAsImFwcF9hY2Nlc3NpYmlsaXR5X3Rlc3RpbmciOjAsImF1dG9tYXRlX3R1cmJvc2NhbGUiOjAsImxvd19jb2RlX2F1dG9tYXRpb24iOjF9LCJpYWFtX3JvbGUiOiJ1c2VyIn0sImdyb3VwX2lkIjo2NDc3MzQ4LCJ0ZWFtX2lkIjoyNjIxMCwidWRhY19hY2Nlc3MiOiJ0ZWFtIn0.m67icTdkO1y-dYPhZ6iMiozpWeoMx_njeZGdds-XONYaLqU7Aq3Q0MDKZW96x_PWx3sNrKbiWRxet2aY7t142hTxeQn__AX15eZIb753JP_NdKUq2lYpYuXFJF99dazp-yNSDY-lbKSzC88xMM0j1HtwubZLLcrAbqpxmB8VjliasDLeqiZn1hZ_rTQnk7OVWq3sRognsO5QhMegBAng_FpL_tFjkXS2c8-4dV6UsWjTtJ8-hDQ_ziiv6c_d84929PIRiPLDIPnL9S_bOluiGLyOvmQquA6a0XHT13BDXTOLxCxH9LHx3G_bYDf7iSXfF9Y63BeyHINMWasLihUhvQ","buildHashedId":"cdwhsqrw8fcxzdl5c10fecaxzgisyakwylk1zinm","testhubEvents":true,"errors":{}},"observability":{"success":true,"errors":[]},"sessionFramework":"selenium","testOrchestration":{"retryTestsOnFailure":{"enabled":false,"maxRetries":0},"abortBuildOnFailure":{"enabled":false,"maxFailures":0}}}
[90m2025-12-27T06:47:13.407Z[39m [96mINFO[39m [97m@wdio/browserstack-service[39m loadModules: binSessionId=5040ab38-8245-4eb4-b54a-905316782709
[90m2025-12-27T06:47:13.407Z[39m [32mDEBUG[39m [97m@wdio/browserstack-service[39m loadModules: config={"userName":"christianbuenvia_N9hiQw","accessKey":"D5m6sDYaoMh4scFx834U","platforms":[{"browserName":"Chrome","deviceName":"Samsung Galaxy S24","osVersion":"14","realMobile":true,"sessionName":"Galaxy S24 Test","buildName":"codespaces-browserstack-mobile","wdioService":"9.21.0"},{"browserName":"Safari","deviceName":"iPhone 15","osVersion":"17","realMobile":true,"sessionName":"iPhone 15 Test","buildName":"codespaces-browserstack-mobile","wdioService":"9.21.0"}],"isNonBstackA11yWDIO":false,"accessibility":false,"testObservability":true,"testContextOptions":{"skipSessionName":false,"skipSessionStatus":false,"sessionNameOmitTestTitle":false,"sessionNamePrependTopLevelSuiteTitle":false,"sessionNameFormat":""},"buildTag":[],"browserstackLocal":false,"browserstackAutomation":true,"selfHeal":false,"disableAutoCaptureLogs":false,"testhub":true,"additionalPlatforms":[],"additionalParams":{},"buildName":"codespaces-browserstack-mobile","buildIdentifier":"#20","browserStackLocalOptions":{"key":"D5m6sDYaoMh4scFx834U","skipBinaryInitialisation":false},"testOrchestrationOptions":{"retryTestsOnFailure":{},"abortBuildOnFailure":{}},"apis":{"automate":{"hub":"https://hub.browserstack.com","cdp":"https://cdp.browserstack.com","api":"https://api.browserstack.com","upload":"https://api-cloud.browserstack.com"},"appAutomate":{"hub":"https://hub.browserstack.com","api":"https://api.browserstack.com","upload":"https://api-cloud.browserstack.com"},"percy":{"api":"https://api.browserstack.com"},"turboScale":{"api":"https://grid.browserstack.com"},"accessibility":{"api":"https://accessibility.browserstack.com"},"appAccessibility":{"api":"https://app-accessibility.browserstack.com"},"observability":{"api":"https://collector-observability.browserstack.com","upload":"https://upload-observability.browserstack.com"},"configServer":{"api":"https://sdk.browserstack.com"},"edsInstrumentation":{"api":"https://eds.browserstack.com"},"tcg":{"api":"https://tcg.browserstack.com"}},"hubUrl":"https://hub-apse.browserstack.com/wd/hub"}
[90m2025-12-27T06:47:13.409Z[39m [96mINFO[39m [97m@wdio/browserstack-service[39m AutomateModule: Initializing Automate Module
[90m2025-12-27T06:47:13.410Z[39m [32mDEBUG[39m [97m@wdio/browserstack-service[39m configureModules: Configuring modules
[90m2025-12-27T06:47:13.410Z[39m [32mDEBUG[39m [97m@wdio/browserstack-service[39m configureModules: Configuring module=WebdriverIOModule platformIndex=1
[90m2025-12-27T06:47:13.410Z[39m [32mDEBUG[39m [97m@wdio/browserstack-service[39m Configured module WebdriverIOModule with binSessionId=5040ab38-8245-4eb4-b54a-905316782709, platformIndex=1
[90m2025-12-27T06:47:13.410Z[39m [32mDEBUG[39m [97m@wdio/browserstack-service[39m configureModules: Configuring module=AutomateModule platformIndex=1
[90m2025-12-27T06:47:13.410Z[39m [32mDEBUG[39m [97m@wdio/browserstack-service[39m Configured module AutomateModule with binSessionId=5040ab38-8245-4eb4-b54a-905316782709, platformIndex=1
[90m2025-12-27T06:47:13.410Z[39m [32mDEBUG[39m [97m@wdio/browserstack-service[39m configureModules: Configuring module=ObservabilityModule platformIndex=1
[90m2025-12-27T06:47:13.410Z[39m [32mDEBUG[39m [97m@wdio/browserstack-service[39m Configured module ObservabilityModule with binSessionId=5040ab38-8245-4eb4-b54a-905316782709, platformIndex=1
[90m2025-12-27T06:47:13.411Z[39m [96mINFO[39m [97m@wdio/browserstack-service[39m trackEvent: automationFrameworkState=AutomationFrameworkState.CREATE hookState=HookState.PRE
[90m2025-12-27T06:47:13.411Z[39m [96mINFO[39m [97m@wdio/browserstack-service[39m trackEvent: automationFrameworkState=AutomationFrameworkState.CREATE hookState=HookState.PRE args=[object Object]
[90m2025-12-27T06:47:13.412Z[39m [32mDEBUG[39m [97m@wdio/browserstack-service[39m configureModules: Configuring module=TestHubModule platformIndex=1
[90m2025-12-27T06:47:13.412Z[39m [32mDEBUG[39m [97m@wdio/browserstack-service[39m Configured module TestHubModule with binSessionId=5040ab38-8245-4eb4-b54a-905316782709, platformIndex=1
[90m2025-12-27T06:47:13.412Z[39m [96mINFO[39m [97m@wdio/browserstack-service[39m resolveInstance: resolving instance for automationFrameworkState=AutomationFrameworkState.CREATE hookState=HookState.PRE
[90m2025-12-27T06:47:13.414Z[39m [32mDEBUG[39m [97m@wdio/browserstack-service[39m getTrackedInstance: 28743:0
[90m2025-12-27T06:47:13.414Z[39m [96mINFO[39m [97m@wdio/browserstack-service[39m trackWebdriverIOInstance: created instance for target=28743:0, state=AutomationFrameworkState.CREATE, args=[object Object]
[90m2025-12-27T06:47:13.417Z[39m [32mDEBUG[39m [97m@wdio/browserstack-service[39m setTrackedInstance: 54adb2cb561f4b4fc10692ba5ae0acf6b2cd4d833085da8f4effa468d5ea4382
[90m2025-12-27T06:47:13.417Z[39m [96mINFO[39m [97m@wdio/browserstack-service[39m trackWebdriverIOInstance: saved instance contextId=54adb2cb561f4b4fc10692ba5ae0acf6b2cd4d833085da8f4effa468d5ea4382 target=28743:0
[90m2025-12-27T06:47:13.417Z[39m [32mDEBUG[39m [97m@wdio/browserstack-service[39m getTrackedInstance: 28743:0
[90m2025-12-27T06:47:13.417Z[39m [96mINFO[39m [97m@wdio/browserstack-service[39m runHooks: automationFrameworkState=AutomationFrameworkState.CREATE hookState=HookState.PRE
[90m2025-12-27T06:47:13.419Z[39m [32mDEBUG[39m [97m@wdio/browserstack-service[39m onBeforeDriverCreate: driver is about to be created
[90m2025-12-27T06:47:13.419Z[39m [96mINFO[39m [97m@wdio/browserstack-service[39m Sending driverInitEvent
[90m2025-12-27T06:47:13.432Z[39m [96mINFO[39m [97m@wdio/browserstack-service[39m driverInitEvent successful
[90m2025-12-27T06:47:13.435Z[39m [96mINFO[39m [97m@wdio/browserstack-service[39m driverInitEvent successful
[90m2025-12-27T06:47:13.434Z[39m [32mDEBUG[39m [97m@wdio/browserstack-service[39m getBinDriverCapabilities: got hub url https://hub-apse.browserstack.com/wd/hub
[90m2025-12-27T06:47:13.434Z[39m [32mDEBUG[39m [97m@wdio/browserstack-service[39m getTrackedInstance: 28735:0
[90m2025-12-27T06:47:13.436Z[39m [32mDEBUG[39m [97m@wdio/browserstack-service[39m getBinDriverCapabilities: got hub url https://hub-apse.browserstack.com/wd/hub
[90m2025-12-27T06:47:13.436Z[39m [32mDEBUG[39m [97m@wdio/browserstack-service[39m getTrackedInstance: 28743:0
[90m2025-12-27T06:47:32.857Z[39m [96mINFO[39m [97m@wdio/browserstack-service[39m trackEvent: automationFrameworkState=AutomationFrameworkState.CREATE hookState=HookState.POST
[90m2025-12-27T06:47:32.858Z[39m [96mINFO[39m [97m@wdio/browserstack-service[39m trackEvent: automationFrameworkState=AutomationFrameworkState.CREATE hookState=HookState.POST args=[object Object]
[90m2025-12-27T06:47:32.859Z[39m [96mINFO[39m [97m@wdio/browserstack-service[39m resolveInstance: resolving instance for automationFrameworkState=AutomationFrameworkState.CREATE hookState=HookState.POST
[90m2025-12-27T06:47:32.859Z[39m [32mDEBUG[39m [97m@wdio/browserstack-service[39m getTrackedInstance: 28743:0
[90m2025-12-27T06:47:32.859Z[39m [96mINFO[39m [97m@wdio/browserstack-service[39m trackWebdriverIOInstance: instance already exists
[90m2025-12-27T06:47:32.860Z[39m [32mDEBUG[39m [97m@wdio/browserstack-service[39m getTrackedInstance: 28743:0
[90m2025-12-27T06:47:32.860Z[39m [96mINFO[39m [97m@wdio/browserstack-service[39m runHooks: automationFrameworkState=AutomationFrameworkState.CREATE hookState=HookState.POST
[90m2025-12-27T06:47:32.861Z[39m [32mDEBUG[39m [97m@wdio/browserstack-service[39m onDriverCreated: Called
[90m2025-12-27T06:47:32.861Z[39m [32mDEBUG[39m [97m@wdio/browserstack-service[39m onDriverCreated: Driver session ID: f77e975a738ff73f9cc780e9706514b54d145393
[90m2025-12-27T06:47:32.861Z[39m [32mDEBUG[39m [97m@wdio/browserstack-service[39m onDriverCreated: Driver capabilities: {"webStorageEnabled":false,"locationContextEnabled":false,"browserName":"safari","platform":"MAC","javascriptEnabled":true,"databaseEnabled":false,"takesScreenshot":true,"networkConnectionEnabled":false,"platformName":"iOS","newCommandTimeout":0,"realMobile":"true","deviceName":"iPhone 15","safariIgnoreFraudWarning":true,"orientation":"PORTRAIT","deviceOrientation":"PORTRAIT","noReset":true,"automationName":"XCUITest","keychainPath":"[REDACTED VALUE]","keychainPassword":"[REDACTED VALUE]","useXctestrunFile":true,"bootstrapPath":"/usr/local/.browserstack/config/wda_derived_data_17_3.1.0.10.5.0_515e29e8-234f-4a0f-a938-5ab844beed3d/Build/Products","browserstack.isTargetBased":"true","udid":"00008120-000229082644201E"}
[90m2025-12-27T06:47:32.861Z[39m [32mDEBUG[39m [97m@wdio/browserstack-service[39m onDriverCreated: Is BrowserStack hub: true
[90m2025-12-27T06:47:32.861Z[39m [96mINFO[39m [97m@wdio/browserstack-service[39m onDriverCreated: Successfully processed driver creation for session: f77e975a738ff73f9cc780e9706514b54d145393
[90m2025-12-27T06:47:32.862Z[39m [96mINFO[39m [97m@wdio/browserstack-service[39m onBeforeTest: Observability sync done
[90m2025-12-27T06:47:32.855Z[39m [96mINFO[39m [97m@wdio/browserstack-service[39m CLI is running, tracking accessibility event for before: f77e975a738ff73f9cc780e9706514b54d145393
[90m2025-12-27T06:47:32.856Z[39m [32mDEBUG[39m [97m@wdio/browserstack-service[39m Skipping method: Console, exists: true, type: function
[90m2025-12-27T06:47:32.856Z[39m [96mINFO[39m [97m@wdio/browserstack-service[39m CLI is running, tracking insights event for before: f77e975a738ff73f9cc780e9706514b54d145393
[90m2025-12-27T06:47:32.912Z[39m [96mINFO[39m [97m@wdio/browserstack-service[39m trackEvent: testFrameworkState=TestFrameworkState.INIT_TEST hookState=HookState.PRE
[90m2025-12-27T06:47:32.912Z[39m [96mINFO[39m [97m@wdio/browserstack-service[39m trackEvent: testFrameworkState=TestFrameworkState.INIT_TEST; hookState=HookState.PRE; args=[object Object]
[90m2025-12-27T06:47:32.912Z[39m [96mINFO[39m [97m@wdio/browserstack-service[39m resolveInstance: resolving instance for testFrameworkState=TestFrameworkState.INIT_TEST hookState=HookState.PRE
[90m2025-12-27T06:47:32.913Z[39m [96mINFO[39m [97m@wdio/browserstack-service[39m trackWdioMochaInstance: created instance for target=28743:0, state=TestFrameworkState.INIT_TEST, args=[object Object]
[90m2025-12-27T06:47:33.070Z[39m [96mINFO[39m [97m@wdio/browserstack-service[39m trackWdioMochaInstance: saved instance contextId=54adb2cb561f4b4fc10692ba5ae0acf6b2cd4d833085da8f4effa468d5ea4382 target=28743:0
[90m2025-12-27T06:47:33.099Z[39m [96mINFO[39m [97m@wdio/browserstack-service[39m Hook Started in PRE key = TestFrameworkState.INIT_TEST & hook = {"key":"TestFrameworkState.INIT_TEST","hook_id":"","hook_result":"pending","event_started_at":"2025-12-27T06:47:33.095Z","hook_logs":[],"hook_name":"should open BDO Online Banking and validate full page readiness","test_file_path":"tests/bdo_test.js","test_location":"tests/bdo_test.js"}
[90m2025-12-27T06:47:33.099Z[39m [96mINFO[39m [97m@wdio/browserstack-service[39m trackHookEvents: hook state=TestFrameworkState.INIT_TEST.HookState.PRE, hooks started={}, hooks finished={}
[90m2025-12-27T06:47:33.099Z[39m [32mDEBUG[39m [97m@wdio/browserstack-service[39m trackEvent: tracked instance data={"test_framework_name":"WebdriverIO-mocha","test_framework_version":"9.21.0","test_logs":[],"test_hooks_finished":{},"test_hooks_started":{},"test_uuid":"b219717c-2498-4c41-9a1f-740588d1f859","test_result":"pending","test_hook_last_started":"TestFrameworkState.INIT_TEST"}
[90m2025-12-27T06:47:33.099Z[39m [96mINFO[39m [97m@wdio/browserstack-service[39m runHooks: instance=[object Object] automationFrameworkState=TestFrameworkState.INIT_TEST hookState=HookState.PRE
[90m2025-12-27T06:47:33.099Z[39m [32mDEBUG[39m [97m@wdio/browserstack-service[39m onAllTestEvents: Called after all test events from cli configured module!!!
[90m2025-12-27T06:47:33.100Z[39m [96mINFO[39m [97m@wdio/browserstack-service[39m trackEvent: testFrameworkState=TestFrameworkState.TEST hookState=HookState.PRE
[90m2025-12-27T06:47:33.100Z[39m [96mINFO[39m [97m@wdio/browserstack-service[39m trackEvent: testFrameworkState=TestFrameworkState.TEST; hookState=HookState.PRE; args=[object Object]
[90m2025-12-27T06:47:33.100Z[39m [96mINFO[39m [97m@wdio/browserstack-service[39m resolveInstance: resolving instance for testFrameworkState=TestFrameworkState.TEST hookState=HookState.PRE
[90m2025-12-27T06:47:33.109Z[39m [96mINFO[39m [97m@wdio/browserstack-service[39m trackEvent: instanceData={"test_framework_name":"WebdriverIO-mocha","test_framework_version":"9.21.0","test_logs":[],"test_hooks_finished":{},"test_hooks_started":{},"test_uuid":"b219717c-2498-4c41-9a1f-740588d1f859","test_result":"pending","test_hook_last_started":"TestFrameworkState.INIT_TEST"}
[90m2025-12-27T06:47:33.117Z[39m [96mINFO[39m [97m@wdio/browserstack-service[39m Hook Started in PRE key = TestFrameworkState.TEST & hook = {"key":"TestFrameworkState.TEST","hook_id":"","hook_result":"pending","event_started_at":"2025-12-27T06:47:33.117Z","hook_logs":[],"hook_name":"should open BDO Online Banking and validate full page readiness","test_file_path":"tests/bdo_test.js","test_location":"tests/bdo_test.js"}
[90m2025-12-27T06:47:33.117Z[39m [96mINFO[39m [97m@wdio/browserstack-service[39m trackHookEvents: hook state=TestFrameworkState.TEST.HookState.PRE, hooks started={}, hooks finished={}
[90m2025-12-27T06:47:33.118Z[39m [32mDEBUG[39m [97m@wdio/browserstack-service[39m trackEvent: tracked instance data={"test_framework_name":"WebdriverIO-mocha","test_framework_version":"9.21.0","test_logs":[],"test_hooks_finished":{},"test_hooks_started":{},"test_uuid":"b219717c-2498-4c41-9a1f-740588d1f859","test_result":"pending","test_hook_last_started":"TestFrameworkState.TEST","test_id":"BDO Online Banking - Page Load Test - should open BDO Online Banking and validate full page readiness","test_name":"should open BDO Online Banking and validate full page readiness","test_code":"async function () {\n        const caps = browser.capabilities;\n        const device = caps.deviceName || caps.browserName || 'unknown-device';\n        const os = caps.os || caps.platformName || 'unknown-os';\n        const browserName = caps.browserName || 'unknown-browser';\n        const isMobile = /ios|android/i.test(os) || /safari/i.test(browserName) || /chrome/i.test(browserName);\n\n        let status = 'passed';\n        let title = 'N/A';\n        let screenshotName = 'N/A';\n        let softFailNote = '';\n\n        try {\n            await browser.url('https://www.onlinebanking.bdo.com.ph/');\n\n            // 1️⃣ DOM + URL ready (soft-fail for mobile)\n            try {\n                await browser.waitUntil(\n                    async () => {\n                        const readyState = await browser.execute(() => document.readyState);\n                        const currentUrl = await browser.getUrl();\n                        return readyState === 'complete' && currentUrl.includes('bdo.com.ph');\n                    },\n                    { timeout: isMobile ? 90000 : 45000 }\n                );\n            } catch (domErr) {\n                if (isMobile) {\n                    softFailNote += '⚠ Mobile DOM may not be fully rendered; continuing as soft-fail<br/>';\n                } else {\n                    throw domErr;\n                }\n            }\n\n            // 2️⃣ Detect BLOCKED / SECURITY pages\n            const pageContent = await browser.execute(() => document.body.innerText.toLowerCase());\n            if (\n                pageContent.includes('access denied') ||\n                pageContent.includes('security check') ||\n                pageContent.includes('unusual activity') ||\n                pageContent.includes('verify you are human')\n            ) {\n                throw new Error('Blocked / security page detected');\n            }\n\n            // 3️⃣ Detect MAINTENANCE page\n            if (\n                pageContent.includes('maintenance') ||\n                pageContent.includes('temporarily unavailable') ||\n                pageContent.includes('we’ll be back soon')\n            ) {\n                throw new Error('Maintenance page detected');\n            }\n\n            // 4️⃣ Network idle approximation\n            await browser.execute(() => {\n                window.__lastNetworkActivity = Date.now();\n                const origFetch = window.fetch;\n                window.fetch = function () {\n                    window.__lastNetworkActivity = Date.now();\n                    return origFetch.apply(this, arguments);\n                };\n                const origXhrOpen = XMLHttpRequest.prototype.open;\n                XMLHttpRequest.prototype.open = function () {\n                    this.addEventListener('loadend', () => {\n                        window.__lastNetworkActivity = Date.now();\n                    });\n                    origXhrOpen.apply(this, arguments);\n                };\n            });\n\n            try {\n                await browser.waitUntil(\n                    async () => {\n                        const last = await browser.execute(() => window.__lastNetworkActivity);\n                        return Date.now() - last > 3000; // 3s network idle\n                    },\n                    { timeout: 45000 }\n                );\n            } catch (netErr) {\n                softFailNote += '⚠ Network idle not reached; continuing as soft-fail<br/>';\n            }\n\n            // 5️⃣ Spinner wait (SOFT-FAIL for all mobile)\n            try {\n                await browser.waitUntil(\n                    async () => {\n                        return await browser.execute(() => {\n                            const spinners = document.querySelectorAll(\n                                '[class*=\"spinner\"], [class*=\"loading\"], [aria-busy=\"true\"]'\n                            );\n                            return Array.from(spinners).every(el => {\n                                const style = window.getComputedStyle(el);\n                                return style.display === 'none' || style.visibility === 'hidden';\n                            });\n                        });\n                    },\n                    { timeout: 90000 } // extend to 90s for slow devices\n                );\n            } catch (spinnerErr) {\n                softFailNote += '⚠ Spinner still visible (soft-fail)<br/>';\n            }\n\n            // 6️⃣ Capture title\n            title = await browser.getTitle();\n\n            // 7️⃣ Screenshot\n            screenshotName = `${Date.now()}-${device.replace(/\\s/g, '_')}-BDO.png`;\n            const screenshotPath = path.join(screenshotDir, screenshotName);\n            await browser.saveScreenshot(screenshotPath);\n\n        } catch (err) {\n            status = 'failed';\n            throw err;\n        } finally {\n            // Prepare HTML report row\n            if (!fs.existsSync(reportDir)) fs.mkdirSync(reportDir, { recursive: true });\n            if (!fs.existsSync(screenshotDir)) fs.mkdirSync(screenshotDir, { recursive: true });\n\n            const finalStatus =\n                status === 'passed' && softFailNote ? 'warning' : status;\n\n            const rowHtml = `<tr>\n<td>${device}</td>\n<td>${os}</td>\n<td>${browserName}</td>\n<td>${title}${softFailNote ? `<br/><small>${softFailNote}</small>` : ''}</td>\n<td class=\"${finalStatus}\">${finalStatus.toUpperCase()}</td>\n<td>${\n                screenshotName !== 'N/A'\n                    ? `<a href=\"../screenshot/${screenshotName}\" target=\"_blank\">View</a>`\n                    : 'N/A'\n            }</td>\n</tr>`;\n\n            fs.appendFileSync(reportFile, rowHtml);\n        }\n    }","test_file_path":"tests/bdo_test.js","test_location":"tests/bdo_test.js","test_scope":"BDO Online Banking - Page Load Test - should open BDO Online Banking and validate full page readiness","test_scopes":["BDO Online Banking - Page Load Test"],"test_started_at":"2025-12-27T06:47:33.110Z"}
[90m2025-12-27T06:47:33.118Z[39m [96mINFO[39m [97m@wdio/browserstack-service[39m runHooks: instance=[object Object] automationFrameworkState=TestFrameworkState.TEST hookState=HookState.PRE
[90m2025-12-27T06:47:33.118Z[39m [96mINFO[39m [97m@wdio/browserstack-service[39m onbeforeTest: inside automate module before test hook!
[90m2025-12-27T06:47:33.118Z[39m [32mDEBUG[39m [97m@wdio/browserstack-service[39m getTrackedInstance: 28743:0
[90m2025-12-27T06:47:33.118Z[39m [32mDEBUG[39m [97m@wdio/browserstack-service[39m onBeforeTest: Called after test hook from cli configured module!!!
[90m2025-12-27T06:47:33.118Z[39m [32mDEBUG[39m [97m@wdio/browserstack-service[39m getTrackedInstance: 28743:0
[90m2025-12-27T06:47:33.119Z[39m [32mDEBUG[39m [97m@wdio/browserstack-service[39m sendTestSessionEvent: Called
[90m2025-12-27T06:47:33.119Z[39m [32mDEBUG[39m [97m@wdio/browserstack-service[39m sendTestSessionEvent: setup
[90m2025-12-27T06:47:33.119Z[39m [32mDEBUG[39m [97m@wdio/browserstack-service[39m sendTestSessionEvent: instance iteration [{"frameworkName":"WebdriverIO","frameworkVersion":{"WebdriverIO":"9.21.0"},"state":{"value":1}}]
[90m2025-12-27T06:47:33.119Z[39m [32mDEBUG[39m [97m@wdio/browserstack-service[39m sendTestSessionEvent: automationSession: {"provider":"browserstack","ref":"54adb2cb561f4b4fc10692ba5ae0acf6b2cd4d833085da8f4effa468d5ea4382","hubUrl":"https://hub-apse.browserstack.com/wd/hub","frameworkSessionId":"f77e975a738ff73f9cc780e9706514b54d145393","frameworkName":"WebdriverIO","frameworkVersion":{"WebdriverIO":"9.21.0"}}
[90m2025-12-27T06:47:33.119Z[39m [32mDEBUG[39m [97m@wdio/browserstack-service[39m sendTestSessionEvent payload: {"testFrameworkName":"WebdriverIO-mocha","testFrameworkVersion":"9.21.0","testFrameworkState":"TEST","testHookState":"PRE","testUuid":"b219717c-2498-4c41-9a1f-740588d1f859","executionContext":{"threadId":"0","processId":"28743"},"automationSessions":[{"provider":"browserstack","ref":"54adb2cb561f4b4fc10692ba5ae0acf6b2cd4d833085da8f4effa468d5ea4382","hubUrl":"https://hub-apse.browserstack.com/wd/hub","frameworkSessionId":"f77e975a738ff73f9cc780e9706514b54d145393","frameworkName":"WebdriverIO","frameworkVersion":{"WebdriverIO":"9.21.0"}}],"platformIndex":1,"capabilities":{"0":123,"1":34,"2":119,"3":101,"4":98,"5":83,"6":116,"7":111,"8":114,"9":97,"10":103,"11":101,"12":69,"13":110,"14":97,"15":98,"16":108,"17":101,"18":100,"19":34,"20":58,"21":102,"22":97,"23":108,"24":115,"25":101,"26":44,"27":34,"28":108,"29":111,"30":99,"31":97,"32":116,"33":105,"34":111,"35":110,"36":67,"37":111,"38":110,"39":116,"40":101,"41":120,"42":116,"43":69,"44":110,"45":97,"46":98,"47":108,"48":101,"49":100,"50":34,"51":58,"52":102,"53":97,"54":108,"55":115,"56":101,"57":44,"58":34,"59":98,"60":114,"61":111,"62":119,"63":115,"64":101,"65":114,"66":78,"67":97,"68":109,"69":101,"70":34,"71":58,"72":34,"73":115,"74":97,"75":102,"76":97,"77":114,"78":105,"79":34,"80":44,"81":34,"82":112,"83":108,"84":97,"85":116,"86":102,"87":111,"88":114,"89":109,"90":34,"91":58,"92":34,"93":77,"94":65,"95":67,"96":34,"97":44,"98":34,"99":106,"100":97,"101":118,"102":97,"103":115,"104":99,"105":114,"106":105,"107":112,"108":116,"109":69,"110":110,"111":97,"112":98,"113":108,"114":101,"115":100,"116":34,"117":58,"118":116,"119":114,"120":117,"121":101,"122":44,"123":34,"124":100,"125":97,"126":116,"127":97,"128":98,"129":97,"130":115,"131":101,"132":69,"133":110,"134":97,"135":98,"136":108,"137":101,"138":100,"139":34,"140":58,"141":102,"142":97,"143":108,"144":115,"145":101,"146":44,"147":34,"148":116,"149":97,"150":107,"151":101,"152":115,"153":83,"154":99,"155":114,"156":101,"157":101,"158":110,"159":115,"160":104,"161":111,"162":116,"163":34,"164":58,"165":116,"166":114,"167":117,"168":101,"169":44,"170":34,"171":110,"172":101,"173":116,"174":119,"175":111,"176":114,"177":107,"178":67,"179":111,"180":110,"181":110,"182":101,"183":99,"184":116,"185":105,"186":111,"187":110,"188":69,"189":110,"190":97,"191":98,"192":108,"193":101,"194":100,"195":34,"196":58,"197":102,"198":97,"199":108,"200":115,"201":101,"202":44,"203":34,"204":112,"205":108,"206":97,"207":116,"208":102,"209":111,"210":114,"211":109,"212":78,"213":97,"214":109,"215":101,"216":34,"217":58,"218":34,"219":105,"220":79,"221":83,"222":34,"223":44,"224":34,"225":110,"226":101,"227":119,"228":67,"229":111,"230":109,"231":109,"232":97,"233":110,"234":100,"235":84,"236":105,"237":109,"238":101,"239":111,"240":117,"241":116,"242":34,"243":58,"244":48,"245":44,"246":34,"247":114,"248":101,"249":97,"250":108,"251":77,"252":111,"253":98,"254":105,"255":108,"256":101,"257":34,"258":58,"259":34,"260":116,"261":114,"262":117,"263":101,"264":34,"265":44,"266":34,"267":100,"268":101,"269":118,"270":105,"271":99,"272":101,"273":78,"274":97,"275":109,"276":101,"277":34,"278":58,"279":34,"280":105,"281":80,"282":104,"283":111,"284":110,"285":101,"286":32,"287":49,"288":53,"289":34,"290":44,"291":34,"292":115,"293":97,"294":102,"295":97,"296":114,"297":105,"298":73,"299":103,"300":110,"301":111,"302":114,"303":101,"304":70,"305":114,"306":97,"307":117,"308":100,"309":87,"310":97,"311":114,"312":110,"313":105,"314":110,"315":103,"316":34,"317":58,"318":116,"319":114,"320":117,"321":101,"322":44,"323":34,"324":111,"325":114,"326":105,"327":101,"328":110,"329":116,"330":97,"331":116,"332":105,"333":111,"334":110,"335":34,"336":58,"337":34,"338":80,"339":79,"340":82,"341":84,"342":82,"343":65,"344":73,"345":84,"346":34,"347":44,"348":34,"349":100,"350":101,"351":118,"352":105,"353":99,"354":101,"355":79,"356":114,"357":105,"358":101,"359":110,"360":116,"361":97,"362":116,"363":105,"364":111,"365":110,"366":34,"367":58,"368":34,"369":80,"370":79,"371":82,"372":84,"373":82,"374":65,"375":73,"376":84,"377":34,"378":44,"379":34,"380":110,"381":111,"382":82,"383":101,"384":115,"385":101,"386":116,"387":34,"388":58,"389":116,"390":114,"391":117,"392":101,"393":44,"394":34,"395":97,"396":117,"397":116,"398":111,"399":109,"400":97,"401":116,"402":105,"403":111,"404":110,"405":78,"406":97,"407":109,"408":101,"409":34,"410":58,"411":34,"412":88,"413":67,"414":85,"415":73,"416":84,"417":101,"418":115,"419":116,"420":34,"421":44,"422":34,"423":107,"424":101,"425":121,"426":99,"427":104,"428":97,"429":105,"430":110,"431":80,"432":97,"433":116,"434":104,"435":34,"436":58,"437":34,"438":91,"439":82,"440":69,"441":68,"442":65,"443":67,"444":84,"445":69,"446":68,"447":32,"448":86,"449":65,"450":76,"451":85,"452":69,"453":93,"454":34,"455":44,"456":34,"457":107,"458":101,"459":121,"460":99,"461":104,"462":97,"463":105,"464":110,"465":80,"466":97,"467":115,"468":115,"469":119,"470":111,"471":114,"472":100,"473":34,"474":58,"475":34,"476":91,"477":82,"478":69,"479":68,"480":65,"481":67,"482":84,"483":69,"484":68,"485":32,"486":86,"487":65,"488":76,"489":85,"490":69,"491":93,"492":34,"493":44,"494":34,"495":117,"496":115,"497":101,"498":88,"499":99,"500":116,"501":101,"502":115,"503":116,"504":114,"505":117,"506":110,"507":70,"508":105,"509":108,"510":101,"511":34,"512":58,"513":116,"514":114,"515":117,"516":101,"517":44,"518":34,"519":98,"520":111,"521":111,"522":116,"523":115,"524":116,"525":114,"526":97,"527":112,"528":80,"529":97,"530":116,"531":104,"532":34,"533":58,"534":34,"535":47,"536":117,"537":115,"538":114,"539":47,"540":108,"541":111,"542":99,"543":97,"544":108,"545":47,"546":46,"547":98,"548":114,"549":111,"550":119,"551":115,"552":101,"553":114,"554":115,"555":116,"556":97,"557":99,"558":107,"559":47,"560":99,"561":111,"562":110,"563":102,"564":105,"565":103,"566":47,"567":119,"568":100,"569":97,"570":95,"571":100,"572":101,"573":114,"574":105,"575":118,"576":101,"577":100,"578":95,"579":100,"580":97,"581":116,"582":97,"583":95,"584":49,"585":55,"586":95,"587":51,"588":46,"589":49,"590":46,"591":48,"592":46,"593":49,"594":48,"595":46,"596":53,"597":46,"598":48,"599":95,"600":53,"601":49,"602":53,"603":101,"604":50,"605":57,"606":101,"607":56,"608":45,"609":50,"610":51,"611":52,"612":102,"613":45,"614":52,"615":97,"616":48,"617":102,"618":45,"619":97,"620":57,"621":51,"622":56,"623":45,"624":53,"625":97,"626":98,"627":56,"628":52,"629":52,"630":98,"631":101,"632":101,"633":100,"634":51,"635":100,"636":47,"637":66,"638":117,"639":105,"640":108,"641":100,"642":47,"643":80,"644":114,"645":111,"646":100,"647":117,"648":99,"649":116,"650":115,"651":34,"652":44,"653":34,"654":98,"655":114,"656":111,"657":119,"658":115,"659":101,"660":114,"661":115,"662":116,"663":97,"664":99,"665":107,"666":46,"667":105,"668":115,"669":84,"670":97,"671":114,"672":103,"673":101,"674":116,"675":66,"676":97,"677":115,"678":101,"679":100,"680":34,"681":58,"682":34,"683":116,"684":114,"685":117,"686":101,"687":34,"688":44,"689":34,"690":117,"691":100,"692":105,"693":100,"694":34,"695":58,"696":34,"697":48,"698":48,"699":48,"700":48,"701":56,"702":49,"703":50,"704":48,"705":45,"706":48,"707":48,"708":48,"709":50,"710":50,"711":57,"712":48,"713":56,"714":50,"715":54,"716":52,"717":52,"718":50,"719":48,"720":49,"721":69,"722":34,"723":125}}
[90m2025-12-27T06:47:33.119Z[39m [96mINFO[39m [97m@wdio/browserstack-service[39m Sending TestSessionEvent
[90m2025-12-27T06:47:33.130Z[39m [32mDEBUG[39m [97m@wdio/browserstack-service[39m onAllTestEvents: Called after all test events from cli configured module!!!
[90m2025-12-27T06:47:33.130Z[39m [32mDEBUG[39m [97m@wdio/browserstack-service[39m sendTestFrameworkEvent for testState: TEST hookState: PRE
[90m2025-12-27T06:47:33.134Z[39m [32mDEBUG[39m [97m@wdio/browserstack-service[39m sendTestFrameworkEvent payload: {"platformIndex":1,"testFrameworkName":"WebdriverIO-mocha","testFrameworkVersion":"9.21.0","testFrameworkState":"TEST","testHookState":"PRE","startedAt":"2025-12-27T06:47:33.110Z","endedAt":"","uuid":"b219717c-2498-4c41-9a1f-740588d1f859","eventJson":{"type":"Buffer","data":[123,34,116,101,115,116,95,102,114,97,109,101,119,111,114,107,95,110,97,109,101,34,58,34,87,101,98,100,114,105,118,101,114,73,79,45,109,111,99,104,97,34,44,34,116,101,115,116,95,102,114,97,109,101,119,111,114,107,95,118,101,114,115,105,111,110,34,58,34,57,46,50,49,46,48,34,44,34,116,101,115,116,95,108,111,103,115,34,58,91,93,44,34,116,101,115,116,95,104,111,111,107,115,95,102,105,110,105,115,104,101,100,34,58,123,125,44,34,116,101,115,116,95,104,111,111,107,115,95,115,116,97,114,116,101,100,34,58,123,125,44,34,116,101,115,116,95,117,117,105,100,34,58,34,98,50,49,57,55,49,55,99,45,50,52,57,56,45,52,99,52,49,45,57,97,49,102,45,55,52,48,53,56,56,100,49,102,56,53,57,34,44,34,116,101,115,116,95,114,101,115,117,108,116,34,58,34,112,101,110,100,105,110,103,34,44,34,116,101,115,116,95,104,111,111,107,95,108,97,115,116,95,115,116,97,114,116,101,100,34,58,34,84,101,115,116,70,114,97,109,101,119,111,114,107,83,116,97,116,101,46,84,69,83,84,34,44,34,116,101,115,116,95,105,100,34,58,34,66,68,79,32,79,110,108,105,110,101,32,66,97,110,107,105,110,103,32,45,32,80,97,103,101,32,76,111,97,100,32,84,101,115,116,32,45,32,115,104,111,117,108,100,32,111,112,101,110,32,66,68,79,32,79,110,108,105,110,101,32,66,97,110,107,105,110,103,32,97,110,100,32,118,97,108,105,100,97,116,101,32,102,117,108,108,32,112,97,103,101,32,114,101,97,100,105,110,101,115,115,34,44,34,116,101,115,116,95,110,97,109,101,34,58,34,115,104,111,117,108,100,32,111,112,101,110,32,66,68,79,32,79,110,108,105,110,101,32,66,97,110,107,105,110,103,32,97,110,100,32,118,97,108,105,100,97,116,101,32,102,117,108,108,32,112,97,103,101,32,114,101,97,100,105,110,101,115,115,34,44,34,116,101,115,116,95,99,111,100,101,34,58,34,97,115,121,110,99,32,102,117,110,99,116,105,111,110,32,40,41,32,123,92,110,32,32,32,32,32,32,32,32,99,111,110,115,116,32,99,97,112,115,32,61,32,98,114,111,119,115,101,114,46,99,97,112,97,98,105,108,105,116,105,101,115,59,92,110,32,32,32,32,32,32,32,32,99,111,110,115,116,32,100,101,118,105,99,101,32,61,32,99,97,112,115,46,100,101,118,105,99,101,78,97,109,101,32,124,124,32,99,97,112,115,46,98,114,111,119,115,101,114,78,97,109,101,32,124,124,32,39,117,110,107,110,111,119,110,45,100,101,118,105,99,101,39,59,92,110,32,32,32,32,32,32,32,32,99,111,110,115,116,32,111,115,32,61,32,99,97,112,115,46,111,115,32,124,124,32,99,97,112,115,46,112,108,97,116,102,111,114,109,78,97,109,101,32,124,124,32,39,117,110,107,110,111,119,110,45,111,115,39,59,92,110,32,32,32,32,32,32,32,32,99,111,110,115,116,32,98,114,111,119,115,101,114,78,97,109,101,32,61,32,99,97,112,115,46,98,114,111,119,115,101,114,78,97,109,101,32,124,124,32,39,117,110,107,110,111,119,110,45,98,114,111,119,115,101,114,39,59,92,110,32,32,32,32,32,32,32,32,99,111,110,115,116,32,105,115,77,111,98,105,108,101,32,61,32,47,105,111,115,124,97,110,100,114,111,105,100,47,105,46,116,101,115,116,40,111,115,41,32,124,124,32,47,115,97,102,97,114,105,47,105,46,116,101,115,116,40,98,114,111,119,115,101,114,78,97,109,101,41,32,124,124,32,47,99,104,114,111,109,101,47,105,46,116,101,115,116,40,98,114,111,119,115,101,114,78,97,109,101,41,59,92,110,92,110,32,32,32,32,32,32,32,32,108,101,116,32,115,116,97,116,117,115,32,61,32,39,112,97,115,115,101,100,39,59,92,110,32,32,32,32,32,32,32,32,108,101,116,32,116,105,116,108,101,32,61,32,39,78,47,65,39,59,92,110,32,32,32,32,32,32,32,32,108,101,116,32,115,99,114,101,101,110,115,104,111,116,78,97,109,101,32,61,32,39,78,47,65,39,59,92,110,32,32,32,32,32,32,32,32,108,101,116,32,115,111,102,116,70,97,105,108,78,111,116,101,32,61,32,39,39,59,92,110,92,110,32,32,32,32,32,32,32,32,116,114,121,32,123,92,110,32,32,32,32,32,32,32,32,32,32,32,32,97,119,97,105,116,32,98,114,111,119,115,101,114,46,117,114,108,40,39,104,116,116,112,115,58,47,47,119,119,119,46,111,110,108,105,110,101,98,97,110,107,105,110,103,46,98,100,111,46,99,111,109,46,112,104,47,39,41,59,92,110,92,110,32,32,32,32,32,32,32,32,32,32,32,32,47,47,32,49,239,184,143,226,131,163,32,68,79,77,32,43,32,85,82,76,32,114,101,97,100,121,32,40,115,111,102,116,45,102,97,105,108,32,102,111,114,32,109,111,98,105,108,101,41,92,110,32,32,32,32,32,32,32,32,32,32,32,32,116,114,121,32,123,92,110,32,32,32,32,32,32,32,32,32,32,32,32,32,32,32,32,97,119,97,105,116,32,98,114,111,119,115,101,114,46,119,97,105,116,85,110,116,105,108,40,92,110,32,32,32,32,32,32,32,32,32,32,32,32,32,32,32,32,32,32,32,32,97,115,121,110,99,32,40,41,32,61,62,32,123,92,110,32,32,32,32,32,32,32,32,32,32,32,32,32,32,32,32,32,32,32,32,32,32,32,32,99,111,110,115,116,32,114,101,97,100,121,83,116,97,116,101,32,61,32,97,119,97,105,116,32,98,114,111,119,115,101,114,46,101,120,101,99,117,116,101,40,40,41,32,61,62,32,100,111,99,117,109,101,110,116,46,114,101,97,100,121,83,116,97,116,101,41,59,92,110,32,32,32,32,32,32,32,32,32,32,32,32,32,32,32,32,32,32,32,32,32,32,32,32,99,111,110,115,116,32,99,117,114,114,101,110,116,85,114,108,32,61,32,97,119,97,105,116,32,98,114,111,119,115,101,114,46,103,101,116,85,114,108,40,41,59,92,110,32,32,32,32,32,32,32,32,32,32,32,32,32,32,32,32,32,32,32,32,32,32,32,32,114,101,116,117,114,110,32,114,101,97,100,121,83,116,97,116,101,32,61,61,61,32,39,99,111,109,112,108,101,116,101,39,32,38,38,32,99,117,114,114,101,110,116,85,114,108,46,105,110,99,108,117,100,101,115,40,39,98,100,111,46,99,111,109,46,112,104,39,41,59,92,110,32,32,32,32,32,32,32,32,32,32,32,32,32,32,32,32,32,32,32,32,125,44,92,110,32,32,32,32,32,32,32,32,32,32,32,32,32,32,32,32,32,32,32,32,123,32,116,105,109,101,111,117,116,58,32,105,115,77,111,98,105,108,101,32,63,32,57,48,48,48,48,32,58,32,52,53,48,48,48,32,125,92,110,32,32,32,32,32,32,32,32,32,32,32,32,32,32,32,32,41,59,92,110,32,32,32,32,32,32,32,32,32,32,32,32,125,32,99,97,116,99,104,32,40,100,111,109,69,114,114,41,32,123,92,110,32,32,32,32,32,32,32,32,32,32,32,32,32,32,32,32,105,102,32,40,105,115,77,111,98,105,108,101,41,32,123,92,110,32,32,32,32,32,32,32,32,32,32,32,32,32,32,32,32,32,32,32,32,115,111,102,116,70,97,105,108,78,111,116,101,32,43,61,32,39,226,154,160,32,77,111,98,105,108,101,32,68,79,77,32,109,97,121,32,110,111,116,32,98,101,32,102,117,108,108,121,32,114,101,110,100,101,114,101,100,59,32,99,111,110,116,105,110,117,105,110,103,32,97,115,32,115,111,102,116,45,102,97,105,108,60,98,114,47,62,39,59,92,110,32,32,32,32,32,32,32,32,32,32,32,32,32,32,32,32,125,32,101,108,115,101,32,123,92,110,32,32,32,32,32,32,32,32,32,32,32,32,32,32,32,32,32,32,32,32,116,104,114,111,119,32,100,111,109,69,114,114,59,92,110,32,32,32,32,32,32,32,32,32,32,32,32,32,32,32,32,125,92,110,32,32,32,32,32,32,32,32,32,32,32,32,125,92,110,92,110,32,32,32,32,32,32,32,32,32,32,32,32,47,47,32,50,239,184,143,226,131,163,32,68,101,116,101,99,116,32,66,76,79,67,75,69,68,32,47,32,83,69,67,85,82,73,84,89,32,112,97,103,101,115,92,110,32,32,32,32,32,32,32,32,32,32,32,32,99,111,110,115,116,32,112,97,103,101,67,111,110,116,101,110,116,32,61,32,97,119,97,105,116,32,98,114,111,119,115,101,114,46,101,120,101,99,117,116,101,40,40,41,32,61,62,32,100,111,99,117,109,101,110,116,46,98,111,100,121,46,105,110,110,101,114,84,101,120,116,46,116,111,76,111,119,101,114,67,97,115,101,40,41,41,59,92,110,32,32,32,32,32,32,32,32,32,32,32,32,105,102,32,40,92,110,32,32,32,32,32,32,32,32,32,32,32,32,32,32,32,32,112,97,103,101,67,111,110,116,101,110,116,46,105,110,99,108,117,100,101,115,40,39,97,99,99,101,115,115,32,100,101,110,105,101,100,39,41,32,124,124,92,110,32,32,32,32,32,32,32,32,32,32,32,32,32,32,32,32,112,97,103,101,67,111,110,116,101,110,116,46,105,110,99,108,117,100,101,115,40,39,115,101,99,117,114,105,116,121,32,99,104,101,99,107,39,41,32,124,124,92,110,32,32,32,32,32,32,32,32,32,32,32,32,32,32,32,32,112,97,103,101,67,111,110,116,101,110,116,46,105,110,99,108,117,100,101,115,40,39,117,110,117,115,117,97,108,32,97,99,116,105,118,105,116,121,39,41,32,124,124,92,110,32,32,32,32,32,32,32,32,32,32,32,32,32,32,32,32,112,97,103,101,67,111,110,116,101,110,116,46,105,110,99,108,117,100,101,115,40,39,118,101,114,105,102,121,32,121,111,117,32,97,114,101,32,104,117,109,97,110,39,41,92,110,32,32,32,32,32,32,32,32,32,32,32,32,41,32,123,92,110,32,32,32,32,32,32,32,32,32,32,32,32,32,32,32,32,116,104,114,111,119,32,110,101,119,32,69,114,114,111,114,40,39,66,108,111,99,107,101,100,32,47,32,115,101,99,117,114,105,116,121,32,112,97,103,101,32,100,101,116,101,99,116,101,100,39,41,59,92,110,32,32,32,32,32,32,32,32,32,32,32,32,125,92,110,92,110,32,32,32,32,32,32,32,32,32,32,32,32,47,47,32,51,239,184,143,226,131,163,32,68,101,116,101,99,116,32,77,65,73,78,84,69,78,65,78,67,69,32,112,97,103,101,92,110,32,32,32,32,32,32,32,32,32,32,32,32,105,102,32,40,92,110,32,32,32,32,32,32,32,32,32,32,32,32,32,32,32,32,112,97,103,101,67,111,110,116,101,110,116,46,105,110,99,108,117,100,101,115,40,39,109,97,105,110,116,101,110,97,110,99,101,39,41,32,124,124,92,110,32,32,32,32,32,32,32,32,32,32,32,32,32,32,32,32,112,97,103,101,67,111,110,116,101,110,116,46,105,110,99,108,117,100,101,115,40,39,116,101,109,112,111,114,97,114,105,108,121,32,117,110,97,118,97,105,108,97,98,108,101,39,41,32,124,124,92,110,32,32,32,32,32,32,32,32,32,32,32,32,32,32,32,32,112,97,103,101,67,111,110,116,101,110,116,46,105,110,99,108,117,100,101,115,40,39,119,101,226,128,153,108,108,32,98,101,32,98,97,99,107,32,115,111,111,110,39,41,92,110,32,32,32,32,32,32,32,32,32,32,32,32,41,32,123,92,110,32,32,32,32,32,32,32,32,32,32,32,32,32,32,32,32,116,104,114,111,119,32,110,101,119,32,69,114,114,111,114,40,39,77,97,105,110,116,101,110,97,110,99,101,32,112,97,103,101,32,100,101,116,101,99,116,101,100,39,41,59,92,110,32,32,32,32,32,32,32,32,32,32,32,32,125,92,110,92,110,32,32,32,32,32,32,32,32,32,32,32,32,47,47,32,52,239,184,143,226,131,163,32,78,101,116,119,111,114,107,32,105,100,108,101,32,97,112,112,114,111,120,105,109,97,116,105,111,110,92,110,32,32,32,32,32,32,32,32,32,32,32,32,97,119,97,105,116,32,98,114,111,119,115,101,114,46,101,120,101,99,117,116,101,40,40,41,32,61,62,32,123,92,110,32,32,32,32,32,32,32,32,32,32,32,32,32,32,32,32,119,105,110,100,111,119,46,95,95,108,97,115,116,78,101,116,119,111,114,107,65,99,116,105,118,105,116,121,32,61,32,68,97,116,101,46,110,111,119,40,41,59,92,110,32,32,32,32,32,32,32,32,32,32,32,32,32,32,32,32,99,111,110,115,116,32,111,114,105,103,70,101,116,99,104,32,61,32,119,105,110,100,111,119,46,102,101,116,99,104,59,92,110,32,32,32,32,32,32,32,32,32,32,32,32,32,32,32,32,119,105,110,100,111,119,46,102,101,116,99,104,32,61,32,102,117,110,99,116,105,111,110,32,40,41,32,123,92,110,32,32,32,32,32,32,32,32,32,32,32,32,32,32,32,32,32,32,32,32,119,105,110,100,111,119,46,95,95,108,97,115,116,78,101,116,119,111,114,107,65,99,116,105,118,105,116,121,32,61,32,68,97,116,101,46,110,111,119,40,41,59,92,110,32,32,32,32,32,32,32,32,32,32,32,32,32,32,32,32,32,32,32,32,114,101,116,117,114,110,32,111,114,105,103,70,101,116,99,104,46,97,112,112,108,121,40,116,104,105,115,44,32,97,114,103,117,109,101,110,116,115,41,59,92,110,32,32,32,32,32,32,32,32,32,32,32,32,32,32,32,32,125,59,92,110,32,32,32,32,32,32,32,32,32,32,32,32,32,32,32,32,99,111,110,115,116,32,111,114,105,103,88,104,114,79,112,101,110,32,61,32,88,77,76,72,116,116,112,82,101,113,117,101,115,116,46,112,114,111,116,111,116,121,112,101,46,111,112,101,110,59,92,110,32,32,32,32,32,32,32,32,32,32,32,32,32,32,32,32,88,77,76,72,116,116,112,82,101,113,117,101,115,116,46,112,114,111,116,111,116,121,112,101,46,111,112,101,110,32,61,32,102,117,110,99,116,105,111,110,32,40,41,32,123,92,110,32,32,32,32,32,32,32,32,32,32,32,32,32,32,32,32,32,32,32,32,116,104,105,115,46,97,100,100,69,118,101,110,116,76,105,115,116,101,110,101,114,40,39,108,111,97,100,101,110,100,39,44,32,40,41,32,61,62,32,123,92,110,32,32,32,32,32,32,32,32,32,32,32,32,32,32,32,32,32,32,32,32,32,32,32,32,119,105,110,100,111,119,46,95,95,108,97,115,116,78,101,116,119,111,114,107,65,99,116,105,118,105,116,121,32,61,32,68,97,116,101,46,110,111,119,40,41,59,92,110,32,32,32,32,32,32,32,32,32,32,32,32,32,32,32,32,32,32,32,32,125,41,59,92,110,32,32,32,32,32,32,32,32,32,32,32,32,32,32,32,32,32,32,32,32,111,114,105,103,88,104,114,79,112,101,110,46,97,112,112,108,121,40,116,104,105,115,44,32,97,114,103,117,109,101,110,116,115,41,59,92,110,32,32,32,32,32,32,32,32,32,32,32,32,32,32,32,32,125,59,92,110,32,32,32,32,32,32,32,32,32,32,32,32,125,41,59,92,110,92,110,32,32,32,32,32,32,32,32,32,32,32,32,116,114,121,32,123,92,110,32,32,32,32,32,32,32,32,32,32,32,32,32,32,32,32,97,119,97,105,116,32,98,114,111,119,115,101,114,46,119,97,105,116,85,110,116,105,108,40,92,110,32,32,32,32,32,32,32,32,32,32,32,32,32,32,32,32,32,32,32,32,97,115,121,110,99,32,40,41,32,61,62,32,123,92,110,32,32,32,32,32,32,32,32,32,32,32,32,32,32,32,32,32,32,32,32,32,32,32,32,99,111,110,115,116,32,108,97,115,116,32,61,32,97,119,97,105,116,32,98,114,111,119,115,101,114,46,101,120,101,99,117,116,101,40,40,41,32,61,62,32,119,105,110,100,111,119,46,95,95,108,97,115,116,78,101,116,119,111,114,107,65,99,116,105,118,105,116,121,41,59,92,110,32,32,32,32,32,32,32,32,32,32,32,32,32,32,32,32,32,32,32,32,32,32,32,32,114,101,116,117,114,110,32,68,97,116,101,46,110,111,119,40,41,32,45,32,108,97,115,116,32,62,32,51,48,48,48,59,32,47,47,32,51,115,32,110,101,116,119,111,114,107,32,105,100,108,101,92,110,32,32,32,32,32,32,32,32,32,32,32,32,32,32,32,32,32,32,32,32,125,44,92,110,32,32,32,32,32,32,32,32,32,32,32,32,32,32,32,32,32,32,32,32,123,32,116,105,109,101,111,117,116,58,32,52,53,48,48,48,32,125,92,110,32,32,32,32,32,32,32,32,32,32,32,32,32,32,32,32,41,59,92,110,32,32,32,32,32,32,32,32,32,32,32,32,125,32,99,97,116,99,104,32,40,110,101,116,69,114,114,41,32,123,92,110,32,32,32,32,32,32,32,32,32,32,32,32,32,32,32,32,115,111,102,116,70,97,105,108,78,111,116,101,32,43,61,32,39,226,154,160,32,78,101,116,119,111,114,107,32,105,100,108,101,32,110,111,116,32,114,101,97,99,104,101,100,59,32,99,111,110,116,105,110,117,105,110,103,32,97,115,32,115,111,102,116,45,102,97,105,108,60,98,114,47,62,39,59,92,110,32,32,32,32,32,32,32,32,32,32,32,32,125,92,110,92,110,32,32,32,32,32,32,32,32,32,32,32,32,47,47,32,53,239,184,143,226,131,163,32,83,112,105,110,110,101,114,32,119,97,105,116,32,40,83,79,70,84,45,70,65,73,76,32,102,111,114,32,97,108,108,32,109,111,98,105,108,101,41,92,110,32,32,32,32,32,32,32,32,32,32,32,32,116,114,121,32,123,92,110,32,32,32,32,32,32,32,32,32,32,32,32,32,32,32,32,97,119,97,105,116,32,98,114,111,119,115,101,114,46,119,97,105,116,85,110,116,105,108,40,92,110,32,32,32,32,32,32,32,32,32,32,32,32,32,32,32,32,32,32,32,32,97,115,121,110,99,32,40,41,32,61,62,32,123,92,110,32,32,32,32,32,32,32,32,32,32,32,32,32,32,32,32,32,32,32,32,32,32,32,32,114,101,116,117,114,110,32,97,119,97,105,116,32,98,114,111,119,115,101,114,46,101,120,101,99,117,116,101,40,40,41,32,61,62,32,123,92,110,32,32,32,32,32,32,32,32,32,32,32,32,32,32,32,32,32,32,32,32,32,32,32,32,32,32,32,32,99,111,110,115,116,32,115,112,105,110,110,101,114,115,32,61,32,100,111,99,117,109,101,110,116,46,113,117,101,114,121,83,101,108,101,99,116,111,114,65,108,108,40,92,110,32,32,32,32,32,32,32,32,32,32,32,32,32,32,32,32,32,32,32,32,32,32,32,32,32,32,32,32,32,32,32,32,39,91,99,108,97,115,115,42,61,92,34,115,112,105,110,110,101,114,92,34,93,44,32,91,99,108,97,115,115,42,61,92,34,108,111,97,100,105,110,103,92,34,93,44,32,91,97,114,105,97,45,98,117,115,121,61,92,34,116,114,117,101,92,34,93,39,92,110,32,32,32,32,32,32,32,32,32,32,32,32,32,32,32,32,32,32,32,32,32,32,32,32,32,32,32,32,41,59,92,110,32,32,32,32,32,32,32,32,32,32,32,32,32,32,32,32,32,32,32,32,32,32,32,32,32,32,32,32,114,101,116,117,114,110,32,65,114,114,97,121,46,102,114,111,109,40,115,112,105,110,110,101,114,115,41,46,101,118,101,114,121,40,101,108,32,61,62,32,123,92,110,32,32,32,32,32,32,32,32,32,32,32,32,32,32,32,32,32,32,32,32,32,32,32,32,32,32,32,32,32,32,32,32,99,111,110,115,116,32,115,116,121,108,101,32,61,32,119,105,110,100,111,119,46,103,101,116,67,111,109,112,117,116,101,100,83,116,121,108,101,40,101,108,41,59,92,110,32,32,32,32,32,32,32,32,32,32,32,32,32,32,32,32,32,32,32,32,32,32,32,32,32,32,32,32,32,32,32,32,114,101,116,117,114,110,32,115,116,121,108,101,46,100,105,115,112,108,97,121,32,61,61,61,32,39,110,111,110,101,39,32,124,124,32,115,116,121,108,101,46,118,105,115,105,98,105,108,105,116,121,32,61,61,61,32,39,104,105,100,100,101,110,39,59,92,110,32,32,32,32,32,32,32,32,32,32,32,32,32,32,32,32,32,32,32,32,32,32,32,32,32,32,32,32,125,41,59,92,110,32,32,32,32,32,32,32,32,32,32,32,32,32,32,32,32,32,32,32,32,32,32,32,32,125,41,59,92,110,32,32,32,32,32,32,32,32,32,32,32,32,32,32,32,32,32,32,32,32,125,44,92,110,32,32,32,32,32,32,32,32,32,32,32,32,32,32,32,32,32,32,32,32,123,32,116,105,109,101,111,117,116,58,32,57,48,48,48,48,32,125,32,47,47,32,101,120,116,101,110,100,32,116,111,32,57,48,115,32,102,111,114,32,115,108,111,119,32,100,101,118,105,99,101,115,92,110,32,32,32,32,32,32,32,32,32,32,32,32,32,32,32,32,41,59,92,110,32,32,32,32,32,32,32,32,32,32,32,32,125,32,99,97,116,99,104,32,40,115,112,105,110,110,101,114,69,114,114,41,32,123,92,110,32,32,32,32,32,32,32,32,32,32,32,32,32,32,32,32,115,111,102,116,70,97,105,108,78,111,116,101,32,43,61,32,39,226,154,160,32,83,112,105,110,110,101,114,32,115,116,105,108,108,32,118,105,115,105,98,108,101,32,40,115,111,102,116,45,102,97,105,108,41,60,98,114,47,62,39,59,92,110,32,32,32,32,32,32,32,32,32,32,32,32,125,92,110,92,110,32,32,32,32,32,32,32,32,32,32,32,32,47,47,32,54,239,184,143,226,131,163,32,67,97,112,116,117,114,101,32,116,105,116,108,101,92,110,32,32,32,32,32,32,32,32,32,32,32,32,116,105,116,108,101,32,61,32,97,119,97,105,116,32,98,114,111,119,115,101,114,46,103,101,116,84,105,116,108,101,40,41,59,92,110,92,110,32,32,32,32,32,32,32,32,32,32,32,32,47,47,32,55,239,184,143,226,131,163,32,83,99,114,101,101,110,115,104,111,116,92,110,32,32,32,32,32,32,32,32,32,32,32,32,115,99,114,101,101,110,115,104,111,116,78,97,109,101,32,61,32,96,36,123,68,97,116,101,46,110,111,119,40,41,125,45,36,123,100,101,118,105,99,101,46,114,101,112,108,97,99,101,40,47,92,92,115,47,103,44,32,39,95,39,41,125,45,66,68,79,46,112,110,103,96,59,92,110,32,32,32,32,32,32,32,32,32,32,32,32,99,111,110,115,116,32,115,99,114,101,101,110,115,104,111,116,80,97,116,104,32,61,32,112,97,116,104,46,106,111,105,110,40,115,99,114,101,101,110,115,104,111,116,68,105,114,44,32,115,99,114,101,101,110,115,104,111,116,78,97,109,101,41,59,92,110,32,32,32,32,32,32,32,32,32,32,32,32,97,119,97,105,116,32,98,114,111,119,115,101,114,46,115,97,118,101,83,99,114,101,101,110,115,104,111,116,40,115,99,114,101,101,110,115,104,111,116,80,97,116,104,41,59,92,110,92,110,32,32,32,32,32,32,32,32,125,32,99,97,116,99,104,32,40,101,114,114,41,32,123,92,110,32,32,32,32,32,32,32,32,32,32,32,32,115,116,97,116,117,115,32,61,32,39,102,97,105,108,101,100,39,59,92,110,32,32,32,32,32,32,32,32,32,32,32,32,116,104,114,111,119,32,101,114,114,59,92,110,32,32,32,32,32,32,32,32,125,32,102,105,110,97,108,108,121,32,123,92,110,32,32,32,32,32,32,32,32,32,32,32,32,47,47,32,80,114,101,112,97,114,101,32,72,84,77,76,32,114,101,112,111,114,116,32,114,111,119,92,110,32,32,32,32,32,32,32,32,32,32,32,32,105,102,32,40,33,102,115,46,101,120,105,115,116,115,83,121,110,99,40,114,101,112,111,114,116,68,105,114,41,41,32,102,115,46,109,107,100,105,114,83,121,110,99,40,114,101,112,111,114,116,68,105,114,44,32,123,32,114,101,99,117,114,115,105,118,101,58,32,116,114,117,101,32,125,41,59,92,110,32,32,32,32,32,32,32,32,32,32,32,32,105,102,32,40,33,102,115,46,101,120,105,115,116,115,83,121,110,99,40,115,99,114,101,101,110,115,104,111,116,68,105,114,41,41,32,102,115,46,109,107,100,105,114,83,121,110,99,40,115,99,114,101,101,110,115,104,111,116,68,105,114,44,32,123,32,114,101,99,117,114,115,105,118,101,58,32,116,114,117,101,32,125,41,59,92,110,92,110,32,32,32,32,32,32,32,32,32,32,32,32,99,111,110,115,116,32,102,105,110,97,108,83,116,97,116,117,115,32,61,92,110,32,32,32,32,32,32,32,32,32,32,32,32,32,32,32,32,115,116,97,116,117,115,32,61,61,61,32,39,112,97,115,115,101,100,39,32,38,38,32,115,111,102,116,70,97,105,108,78,111,116,101,32,63,32,39,119,97,114,110,105,110,103,39,32,58,32,115,116,97,116,117,115,59,92,110,92,110,32,32,32,32,32,32,32,32,32,32,32,32,99,111,110,115,116,32,114,111,119,72,116,109,108,32,61,32,96,60,116,114,62,92,110,60,116,100,62,36,123,100,101,118,105,99,101,125,60,47,116,100,62,92,110,60,116,100,62,36,123,111,115,125,60,47,116,100,62,92,110,60,116,100,62,36,123,98,114,111,119,115,101,114,78,97,109,101,125,60,47,116,100,62,92,110,60,116,100,62,36,123,116,105,116,108,101,125,36,123,115,111,102,116,70,97,105,108,78,111,116,101,32,63,32,96,60,98,114,47,62,60,115,109,97,108,108,62,36,123,115,111,102,116,70,97,105,108,78,111,116,101,125,60,47,115,109,97,108,108,62,96,32,58,32,39,39,125,60,47,116,100,62,92,110,60,116,100,32,99,108,97,115,115,61,92,34,36,123,102,105,110,97,108,83,116,97,116,117,115,125,92,34,62,36,123,102,105,110,97,108,83,116,97,116,117,115,46,116,111,85,112,112,101,114,67,97,115,101,40,41,125,60,47,116,100,62,92,110,60,116,100,62,36,123,92,110,32,32,32,32,32,32,32,32,32,32,32,32,32,32,32,32,115,99,114,101,101,110,115,104,111,116,78,97,109,101,32,33,61,61,32,39,78,47,65,39,92,110,32,32,32,32,32,32,32,32,32,32,32,32,32,32,32,32,32,32,32,32,63,32,96,60,97,32,104,114,101,102,61,92,34,46,46,47,115,99,114,101,101,110,115,104,111,116,47,36,123,115,99,114,101,101,110,115,104,111,116,78,97,109,101,125,92,34,32,116,97,114,103,101,116,61,92,34,95,98,108,97,110,107,92,34,62,86,105,101,119,60,47,97,62,96,92,110,32,32,32,32,32,32,32,32,32,32,32,32,32,32,32,32,32,32,32,32,58,32,39,78,47,65,39,92,110,32,32,32,32,32,32,32,32,32,32,32,32,125,60,47,116,100,62,92,110,60,47,116,114,62,96,59,92,110,92,110,32,32,32,32,32,32,32,32,32,32,32,32,102,115,46,97,112,112,101,110,100,70,105,108,101,83,121,110,99,40,114,101,112,111,114,116,70,105,108,101,44,32,114,111,119,72,116,109,108,41,59,92,110,32,32,32,32,32,32,32,32,125,92,110,32,32,32,32,125,34,44,34,116,101,115,116,95,102,105,108,101,95,112,97,116,104,34,58,34,116,101,115,116,115,47,98,100,111,95,116,101,115,116,46,106,115,34,44,34,116,101,115,116,95,108,111,99,97,116,105,111,110,34,58,34,116,101,115,116,115,47,98,100,111,95,116,101,115,116,46,106,115,34,44,34,116,101,115,116,95,115,99,111,112,101,34,58,34,66,68,79,32,79,110,108,105,110,101,32,66,97,110,107,105,110,103,32,45,32,80,97,103,101,32,76,111,97,100,32,84,101,115,116,32,45,32,115,104,111,117,108,100,32,111,112,101,110,32,66,68,79,32,79,110,108,105,110,101,32,66,97,110,107,105,110,103,32,97,110,100,32,118,97,108,105,100,97,116,101,32,102,117,108,108,32,112,97,103,101,32,114,101,97,100,105,110,101,115,115,34,44,34,116,101,115,116,95,115,99,111,112,101,115,34,58,91,34,66,68,79,32,79,110,108,105,110,101,32,66,97,110,107,105,110,103,32,45,32,80,97,103,101,32,76,111,97,100,32,84,101,115,116,34,93,44,34,116,101,115,116,95,115,116,97,114,116,101,100,95,97,116,34,58,34,50,48,50,53,45,49,50,45,50,55,84,48,54,58,52,55,58,51,51,46,49,49,48,90,34,44,34,97,117,116,111,109,97,116,101,95,115,101,115,115,105,111,110,95,110,97,109,101,34,58,34,66,68,79,32,79,110,108,105,110,101,32,66,97,110,107,105,110,103,32,45,32,80,97,103,101,32,76,111,97,100,32,84,101,115,116,32,45,32,115,104,111,117,108,100,32,111,112,101,110,32,66,68,79,32,79,110,108,105,110,101,32,66,97,110,107,105,110,103,32,97,110,100,32,118,97,108,105,100,97,116,101,32,102,117,108,108,32,112,97,103,101,32,114,101,97,100,105,110,101,115,115,34,125]},"executionContext":{"hash":"54adb2cb561f4b4fc10692ba5ae0acf6b2cd4d833085da8f4effa468d5ea4382","threadId":"0","processId":"28743"}}
[90m2025-12-27T06:47:33.135Z[39m [96mINFO[39m [97m@wdio/browserstack-service[39m Sending TestFrameworkEvent
[90m2025-12-27T06:47:33.209Z[39m [96mINFO[39m [97m@wdio/browserstack-service[39m testSessionEvent successful
[90m2025-12-27T06:47:33.210Z[39m [32mDEBUG[39m [97m@wdio/browserstack-service[39m sendTestSessionEvent complete for testState: TEST hookState: PRE
[90m2025-12-27T06:47:33.210Z[39m [96mINFO[39m [97m@wdio/browserstack-service[39m testFrameworkEvent successful
[90m2025-12-27T06:47:33.211Z[39m [32mDEBUG[39m [97m@wdio/browserstack-service[39m sendTestFrameworkEvent complete for testState: TEST hookState: PRE
[90m2025-12-27T06:47:34.133Z[39m [96mINFO[39m [97m@wdio/browserstack-service[39m trackEvent: automationFrameworkState=AutomationFrameworkState.CREATE hookState=HookState.POST
[90m2025-12-27T06:47:34.134Z[39m [96mINFO[39m [97m@wdio/browserstack-service[39m trackEvent: automationFrameworkState=AutomationFrameworkState.CREATE hookState=HookState.POST args=[object Object]
[90m2025-12-27T06:47:34.134Z[39m [96mINFO[39m [97m@wdio/browserstack-service[39m resolveInstance: resolving instance for automationFrameworkState=AutomationFrameworkState.CREATE hookState=HookState.POST
[90m2025-12-27T06:47:34.134Z[39m [32mDEBUG[39m [97m@wdio/browserstack-service[39m getTrackedInstance: 28735:0
[90m2025-12-27T06:47:34.134Z[39m [96mINFO[39m [97m@wdio/browserstack-service[39m trackWebdriverIOInstance: instance already exists
[90m2025-12-27T06:47:34.134Z[39m [32mDEBUG[39m [97m@wdio/browserstack-service[39m getTrackedInstance: 28735:0
[90m2025-12-27T06:47:34.134Z[39m [96mINFO[39m [97m@wdio/browserstack-service[39m runHooks: automationFrameworkState=AutomationFrameworkState.CREATE hookState=HookState.POST
[90m2025-12-27T06:47:34.134Z[39m [32mDEBUG[39m [97m@wdio/browserstack-service[39m onDriverCreated: Called
[90m2025-12-27T06:47:34.134Z[39m [32mDEBUG[39m [97m@wdio/browserstack-service[39m onDriverCreated: Driver session ID: d5f00be6b941d8911cccdb47403e4bb6f7ceb14b
[90m2025-12-27T06:47:34.134Z[39m [32mDEBUG[39m [97m@wdio/browserstack-service[39m onDriverCreated: Driver capabilities: {"platform":"LINUX","webStorageEnabled":false,"takesScreenshot":true,"javascriptEnabled":true,"databaseEnabled":false,"networkConnectionEnabled":true,"locationContextEnabled":false,"warnings":{},"desired":{"unhandledPromptBehavior":"ignore","platformName":"Android","browserName":"chrome","goog:chromeOptions":{"args":["--proxy-bypass-list=<-loopback>","test-type","--proxy-server=http://203.32.41.13:26081","--disable-features=Translate"]},"newCommandTimeout":0,"deviceName":"android","systemPort":8201,"udid":"RZCX50MNVZX","chromedriverPort":18081,"skipServerInstallation":true},"unhandledPromptBehavior":"ignore","platformName":"Android","browserName":"chrome","goog:chromeOptions":{"args":["--proxy-bypass-list=<-loopback>","test-type","--proxy-server=http://203.32.41.13:26081","--disable-features=Translate"]},"newCommandTimeout":0,"deviceName":"RZCX50MNVZX","systemPort":8201,"udid":"RZCX50MNVZX","chromedriverPort":18081,"skipServerInstallation":true,"appPackage":"com.android.chrome","appActivity":"com.google.android.apps.chrome.Main","deviceUDID":"RZCX50MNVZX","deviceApiLevel":34,"platformVersion":"14","deviceScreenSize":"1080x2340","deviceScreenDensity":480,"deviceModel":"SM-S921B","deviceManufacturer":"samsung","pixelRatio":3,"statBarHeight":84,"viewportRect":{"left":0,"top":84,"width":1080,"height":2025}}
[90m2025-12-27T06:47:34.134Z[39m [32mDEBUG[39m [97m@wdio/browserstack-service[39m onDriverCreated: Is BrowserStack hub: true
[90m2025-12-27T06:47:34.134Z[39m [96mINFO[39m [97m@wdio/browserstack-service[39m onDriverCreated: Successfully processed driver creation for session: d5f00be6b941d8911cccdb47403e4bb6f7ceb14b
[90m2025-12-27T06:47:34.135Z[39m [96mINFO[39m [97m@wdio/browserstack-service[39m onBeforeTest: Observability sync done
[90m2025-12-27T06:47:34.131Z[39m [96mINFO[39m [97m@wdio/browserstack-service[39m CLI is running, tracking accessibility event for before: d5f00be6b941d8911cccdb47403e4bb6f7ceb14b
[90m2025-12-27T06:47:34.132Z[39m [32mDEBUG[39m [97m@wdio/browserstack-service[39m Skipping method: Console, exists: true, type: function
[90m2025-12-27T06:47:34.133Z[39m [96mINFO[39m [97m@wdio/browserstack-service[39m CLI is running, tracking insights event for before: d5f00be6b941d8911cccdb47403e4bb6f7ceb14b
[90m2025-12-27T06:47:34.168Z[39m [96mINFO[39m [97m@wdio/browserstack-service[39m trackEvent: testFrameworkState=TestFrameworkState.INIT_TEST hookState=HookState.PRE
[90m2025-12-27T06:47:34.169Z[39m [96mINFO[39m [97m@wdio/browserstack-service[39m trackEvent: testFrameworkState=TestFrameworkState.INIT_TEST; hookState=HookState.PRE; args=[object Object]
[90m2025-12-27T06:47:34.169Z[39m [96mINFO[39m [97m@wdio/browserstack-service[39m resolveInstance: resolving instance for testFrameworkState=TestFrameworkState.INIT_TEST hookState=HookState.PRE
[90m2025-12-27T06:47:34.170Z[39m [96mINFO[39m [97m@wdio/browserstack-service[39m trackWdioMochaInstance: created instance for target=28735:0, state=TestFrameworkState.INIT_TEST, args=[object Object]
[90m2025-12-27T06:47:34.196Z[39m [96mINFO[39m [97m@wdio/browserstack-service[39m trackWdioMochaInstance: saved instance contextId=5ff19818c5510eefce19bc7b7b1e7b06af88cb5e13512144f76d016f3a6f2a53 target=28735:0
[90m2025-12-27T06:47:34.202Z[39m [96mINFO[39m [97m@wdio/browserstack-service[39m Hook Started in PRE key = TestFrameworkState.INIT_TEST & hook = {"key":"TestFrameworkState.INIT_TEST","hook_id":"","hook_result":"pending","event_started_at":"2025-12-27T06:47:34.202Z","hook_logs":[],"hook_name":"should open BDO Online Banking and validate full page readiness","test_file_path":"tests/bdo_test.js","test_location":"tests/bdo_test.js"}
[90m2025-12-27T06:47:34.204Z[39m [96mINFO[39m [97m@wdio/browserstack-service[39m trackHookEvents: hook state=TestFrameworkState.INIT_TEST.HookState.PRE, hooks started={}, hooks finished={}
[90m2025-12-27T06:47:34.204Z[39m [32mDEBUG[39m [97m@wdio/browserstack-service[39m trackEvent: tracked instance data={"test_framework_name":"WebdriverIO-mocha","test_framework_version":"9.21.0","test_logs":[],"test_hooks_finished":{},"test_hooks_started":{},"test_uuid":"9d33f0e2-de82-4881-bb18-779d1c165c56","test_result":"pending","test_hook_last_started":"TestFrameworkState.INIT_TEST"}
[90m2025-12-27T06:47:34.204Z[39m [96mINFO[39m [97m@wdio/browserstack-service[39m runHooks: instance=[object Object] automationFrameworkState=TestFrameworkState.INIT_TEST hookState=HookState.PRE
[90m2025-12-27T06:47:34.207Z[39m [32mDEBUG[39m [97m@wdio/browserstack-service[39m onAllTestEvents: Called after all test events from cli configured module!!!
[90m2025-12-27T06:47:34.207Z[39m [96mINFO[39m [97m@wdio/browserstack-service[39m trackEvent: testFrameworkState=TestFrameworkState.TEST hookState=HookState.PRE
[90m2025-12-27T06:47:34.208Z[39m [96mINFO[39m [97m@wdio/browserstack-service[39m trackEvent: testFrameworkState=TestFrameworkState.TEST; hookState=HookState.PRE; args=[object Object]
[90m2025-12-27T06:47:34.208Z[39m [96mINFO[39m [97m@wdio/browserstack-service[39m resolveInstance: resolving instance for testFrameworkState=TestFrameworkState.TEST hookState=HookState.PRE
[90m2025-12-27T06:47:34.212Z[39m [96mINFO[39m [97m@wdio/browserstack-service[39m trackEvent: instanceData={"test_framework_name":"WebdriverIO-mocha","test_framework_version":"9.21.0","test_logs":[],"test_hooks_finished":{},"test_hooks_started":{},"test_uuid":"9d33f0e2-de82-4881-bb18-779d1c165c56","test_result":"pending","test_hook_last_started":"TestFrameworkState.INIT_TEST"}
[90m2025-12-27T06:47:34.215Z[39m [96mINFO[39m [97m@wdio/browserstack-service[39m Hook Started in PRE key = TestFrameworkState.TEST & hook = {"key":"TestFrameworkState.TEST","hook_id":"","hook_result":"pending","event_started_at":"2025-12-27T06:47:34.215Z","hook_logs":[],"hook_name":"should open BDO Online Banking and validate full page readiness","test_file_path":"tests/bdo_test.js","test_location":"tests/bdo_test.js"}
[90m2025-12-27T06:47:34.218Z[39m [96mINFO[39m [97m@wdio/browserstack-service[39m trackHookEvents: hook state=TestFrameworkState.TEST.HookState.PRE, hooks started={}, hooks finished={}
[90m2025-12-27T06:47:34.218Z[39m [32mDEBUG[39m [97m@wdio/browserstack-service[39m trackEvent: tracked instance data={"test_framework_name":"WebdriverIO-mocha","test_framework_version":"9.21.0","test_logs":[],"test_hooks_finished":{},"test_hooks_started":{},"test_uuid":"9d33f0e2-de82-4881-bb18-779d1c165c56","test_result":"pending","test_hook_last_started":"TestFrameworkState.TEST","test_id":"BDO Online Banking - Page Load Test - should open BDO Online Banking and validate full page readiness","test_name":"should open BDO Online Banking and validate full page readiness","test_code":"async function () {\n        const caps = browser.capabilities;\n        const device = caps.deviceName || caps.browserName || 'unknown-device';\n        const os = caps.os || caps.platformName || 'unknown-os';\n        const browserName = caps.browserName || 'unknown-browser';\n        const isMobile = /ios|android/i.test(os) || /safari/i.test(browserName) || /chrome/i.test(browserName);\n\n        let status = 'passed';\n        let title = 'N/A';\n        let screenshotName = 'N/A';\n        let softFailNote = '';\n\n        try {\n            await browser.url('https://www.onlinebanking.bdo.com.ph/');\n\n            // 1️⃣ DOM + URL ready (soft-fail for mobile)\n            try {\n                await browser.waitUntil(\n                    async () => {\n                        const readyState = await browser.execute(() => document.readyState);\n                        const currentUrl = await browser.getUrl();\n                        return readyState === 'complete' && currentUrl.includes('bdo.com.ph');\n                    },\n                    { timeout: isMobile ? 90000 : 45000 }\n                );\n            } catch (domErr) {\n                if (isMobile) {\n                    softFailNote += '⚠ Mobile DOM may not be fully rendered; continuing as soft-fail<br/>';\n                } else {\n                    throw domErr;\n                }\n            }\n\n            // 2️⃣ Detect BLOCKED / SECURITY pages\n            const pageContent = await browser.execute(() => document.body.innerText.toLowerCase());\n            if (\n                pageContent.includes('access denied') ||\n                pageContent.includes('security check') ||\n                pageContent.includes('unusual activity') ||\n                pageContent.includes('verify you are human')\n            ) {\n                throw new Error('Blocked / security page detected');\n            }\n\n            // 3️⃣ Detect MAINTENANCE page\n            if (\n                pageContent.includes('maintenance') ||\n                pageContent.includes('temporarily unavailable') ||\n                pageContent.includes('we’ll be back soon')\n            ) {\n                throw new Error('Maintenance page detected');\n            }\n\n            // 4️⃣ Network idle approximation\n            await browser.execute(() => {\n                window.__lastNetworkActivity = Date.now();\n                const origFetch = window.fetch;\n                window.fetch = function () {\n                    window.__lastNetworkActivity = Date.now();\n                    return origFetch.apply(this, arguments);\n                };\n                const origXhrOpen = XMLHttpRequest.prototype.open;\n                XMLHttpRequest.prototype.open = function () {\n                    this.addEventListener('loadend', () => {\n                        window.__lastNetworkActivity = Date.now();\n                    });\n                    origXhrOpen.apply(this, arguments);\n                };\n            });\n\n            try {\n                await browser.waitUntil(\n                    async () => {\n                        const last = await browser.execute(() => window.__lastNetworkActivity);\n                        return Date.now() - last > 3000; // 3s network idle\n                    },\n                    { timeout: 45000 }\n                );\n            } catch (netErr) {\n                softFailNote += '⚠ Network idle not reached; continuing as soft-fail<br/>';\n            }\n\n            // 5️⃣ Spinner wait (SOFT-FAIL for all mobile)\n            try {\n                await browser.waitUntil(\n                    async () => {\n                        return await browser.execute(() => {\n                            const spinners = document.querySelectorAll(\n                                '[class*=\"spinner\"], [class*=\"loading\"], [aria-busy=\"true\"]'\n                            );\n                            return Array.from(spinners).every(el => {\n                                const style = window.getComputedStyle(el);\n                                return style.display === 'none' || style.visibility === 'hidden';\n                            });\n                        });\n                    },\n                    { timeout: 90000 } // extend to 90s for slow devices\n                );\n            } catch (spinnerErr) {\n                softFailNote += '⚠ Spinner still visible (soft-fail)<br/>';\n            }\n\n            // 6️⃣ Capture title\n            title = await browser.getTitle();\n\n            // 7️⃣ Screenshot\n            screenshotName = `${Date.now()}-${device.replace(/\\s/g, '_')}-BDO.png`;\n            const screenshotPath = path.join(screenshotDir, screenshotName);\n            await browser.saveScreenshot(screenshotPath);\n\n        } catch (err) {\n            status = 'failed';\n            throw err;\n        } finally {\n            // Prepare HTML report row\n            if (!fs.existsSync(reportDir)) fs.mkdirSync(reportDir, { recursive: true });\n            if (!fs.existsSync(screenshotDir)) fs.mkdirSync(screenshotDir, { recursive: true });\n\n            const finalStatus =\n                status === 'passed' && softFailNote ? 'warning' : status;\n\n            const rowHtml = `<tr>\n<td>${device}</td>\n<td>${os}</td>\n<td>${browserName}</td>\n<td>${title}${softFailNote ? `<br/><small>${softFailNote}</small>` : ''}</td>\n<td class=\"${finalStatus}\">${finalStatus.toUpperCase()}</td>\n<td>${\n                screenshotName !== 'N/A'\n                    ? `<a href=\"../screenshot/${screenshotName}\" target=\"_blank\">View</a>`\n                    : 'N/A'\n            }</td>\n</tr>`;\n\n            fs.appendFileSync(reportFile, rowHtml);\n        }\n    }","test_file_path":"tests/bdo_test.js","test_location":"tests/bdo_test.js","test_scope":"BDO Online Banking - Page Load Test - should open BDO Online Banking and validate full page readiness","test_scopes":["BDO Online Banking - Page Load Test"],"test_started_at":"2025-12-27T06:47:34.214Z"}
[90m2025-12-27T06:47:34.218Z[39m [96mINFO[39m [97m@wdio/browserstack-service[39m runHooks: instance=[object Object] automationFrameworkState=TestFrameworkState.TEST hookState=HookState.PRE
[90m2025-12-27T06:47:34.218Z[39m [96mINFO[39m [97m@wdio/browserstack-service[39m onbeforeTest: inside automate module before test hook!
[90m2025-12-27T06:47:34.218Z[39m [32mDEBUG[39m [97m@wdio/browserstack-service[39m getTrackedInstance: 28735:0
[90m2025-12-27T06:47:34.218Z[39m [32mDEBUG[39m [97m@wdio/browserstack-service[39m onBeforeTest: Called after test hook from cli configured module!!!
[90m2025-12-27T06:47:34.218Z[39m [32mDEBUG[39m [97m@wdio/browserstack-service[39m getTrackedInstance: 28735:0
[90m2025-12-27T06:47:34.218Z[39m [32mDEBUG[39m [97m@wdio/browserstack-service[39m sendTestSessionEvent: Called
[90m2025-12-27T06:47:34.219Z[39m [32mDEBUG[39m [97m@wdio/browserstack-service[39m sendTestSessionEvent: setup
[90m2025-12-27T06:47:34.219Z[39m [32mDEBUG[39m [97m@wdio/browserstack-service[39m sendTestSessionEvent: instance iteration [{"frameworkName":"WebdriverIO","frameworkVersion":{"WebdriverIO":"9.21.0"},"state":{"value":1}}]
[90m2025-12-27T06:47:34.219Z[39m [32mDEBUG[39m [97m@wdio/browserstack-service[39m sendTestSessionEvent: automationSession: {"provider":"browserstack","ref":"5ff19818c5510eefce19bc7b7b1e7b06af88cb5e13512144f76d016f3a6f2a53","hubUrl":"https://hub-apse.browserstack.com/wd/hub","frameworkSessionId":"d5f00be6b941d8911cccdb47403e4bb6f7ceb14b","frameworkName":"WebdriverIO","frameworkVersion":{"WebdriverIO":"9.21.0"}}
[90m2025-12-27T06:47:34.221Z[39m [32mDEBUG[39m [97m@wdio/browserstack-service[39m sendTestSessionEvent payload: {"testFrameworkName":"WebdriverIO-mocha","testFrameworkVersion":"9.21.0","testFrameworkState":"TEST","testHookState":"PRE","testUuid":"9d33f0e2-de82-4881-bb18-779d1c165c56","executionContext":{"threadId":"0","processId":"28735"},"automationSessions":[{"provider":"browserstack","ref":"5ff19818c5510eefce19bc7b7b1e7b06af88cb5e13512144f76d016f3a6f2a53","hubUrl":"https://hub-apse.browserstack.com/wd/hub","frameworkSessionId":"d5f00be6b941d8911cccdb47403e4bb6f7ceb14b","frameworkName":"WebdriverIO","frameworkVersion":{"WebdriverIO":"9.21.0"}}],"platformIndex":0,"capabilities":{"0":123,"1":34,"2":112,"3":108,"4":97,"5":116,"6":102,"7":111,"8":114,"9":109,"10":34,"11":58,"12":34,"13":76,"14":73,"15":78,"16":85,"17":88,"18":34,"19":44,"20":34,"21":119,"22":101,"23":98,"24":83,"25":116,"26":111,"27":114,"28":97,"29":103,"30":101,"31":69,"32":110,"33":97,"34":98,"35":108,"36":101,"37":100,"38":34,"39":58,"40":102,"41":97,"42":108,"43":115,"44":101,"45":44,"46":34,"47":116,"48":97,"49":107,"50":101,"51":115,"52":83,"53":99,"54":114,"55":101,"56":101,"57":110,"58":115,"59":104,"60":111,"61":116,"62":34,"63":58,"64":116,"65":114,"66":117,"67":101,"68":44,"69":34,"70":106,"71":97,"72":118,"73":97,"74":115,"75":99,"76":114,"77":105,"78":112,"79":116,"80":69,"81":110,"82":97,"83":98,"84":108,"85":101,"86":100,"87":34,"88":58,"89":116,"90":114,"91":117,"92":101,"93":44,"94":34,"95":100,"96":97,"97":116,"98":97,"99":98,"100":97,"101":115,"102":101,"103":69,"104":110,"105":97,"106":98,"107":108,"108":101,"109":100,"110":34,"111":58,"112":102,"113":97,"114":108,"115":115,"116":101,"117":44,"118":34,"119":110,"120":101,"121":116,"122":119,"123":111,"124":114,"125":107,"126":67,"127":111,"128":110,"129":110,"130":101,"131":99,"132":116,"133":105,"134":111,"135":110,"136":69,"137":110,"138":97,"139":98,"140":108,"141":101,"142":100,"143":34,"144":58,"145":116,"146":114,"147":117,"148":101,"149":44,"150":34,"151":108,"152":111,"153":99,"154":97,"155":116,"156":105,"157":111,"158":110,"159":67,"160":111,"161":110,"162":116,"163":101,"164":120,"165":116,"166":69,"167":110,"168":97,"169":98,"170":108,"171":101,"172":100,"173":34,"174":58,"175":102,"176":97,"177":108,"178":115,"179":101,"180":44,"181":34,"182":119,"183":97,"184":114,"185":110,"186":105,"187":110,"188":103,"189":115,"190":34,"191":58,"192":123,"193":125,"194":44,"195":34,"196":100,"197":101,"198":115,"199":105,"200":114,"201":101,"202":100,"203":34,"204":58,"205":123,"206":34,"207":117,"208":110,"209":104,"210":97,"211":110,"212":100,"213":108,"214":101,"215":100,"216":80,"217":114,"218":111,"219":109,"220":112,"221":116,"222":66,"223":101,"224":104,"225":97,"226":118,"227":105,"228":111,"229":114,"230":34,"231":58,"232":34,"233":105,"234":103,"235":110,"236":111,"237":114,"238":101,"239":34,"240":44,"241":34,"242":112,"243":108,"244":97,"245":116,"246":102,"247":111,"248":114,"249":109,"250":78,"251":97,"252":109,"253":101,"254":34,"255":58,"256":34,"257":65,"258":110,"259":100,"260":114,"261":111,"262":105,"263":100,"264":34,"265":44,"266":34,"267":98,"268":114,"269":111,"270":119,"271":115,"272":101,"273":114,"274":78,"275":97,"276":109,"277":101,"278":34,"279":58,"280":34,"281":99,"282":104,"283":114,"284":111,"285":109,"286":101,"287":34,"288":44,"289":34,"290":103,"291":111,"292":111,"293":103,"294":58,"295":99,"296":104,"297":114,"298":111,"299":109,"300":101,"301":79,"302":112,"303":116,"304":105,"305":111,"306":110,"307":115,"308":34,"309":58,"310":123,"311":34,"312":97,"313":114,"314":103,"315":115,"316":34,"317":58,"318":91,"319":34,"320":45,"321":45,"322":112,"323":114,"324":111,"325":120,"326":121,"327":45,"328":98,"329":121,"330":112,"331":97,"332":115,"333":115,"334":45,"335":108,"336":105,"337":115,"338":116,"339":61,"340":60,"341":45,"342":108,"343":111,"344":111,"345":112,"346":98,"347":97,"348":99,"349":107,"350":62,"351":34,"352":44,"353":34,"354":116,"355":101,"356":115,"357":116,"358":45,"359":116,"360":121,"361":112,"362":101,"363":34,"364":44,"365":34,"366":45,"367":45,"368":112,"369":114,"370":111,"371":120,"372":121,"373":45,"374":115,"375":101,"376":114,"377":118,"378":101,"379":114,"380":61,"381":104,"382":116,"383":116,"384":112,"385":58,"386":47,"387":47,"388":50,"389":48,"390":51,"391":46,"392":51,"393":50,"394":46,"395":52,"396":49,"397":46,"398":49,"399":51,"400":58,"401":50,"402":54,"403":48,"404":56,"405":49,"406":34,"407":44,"408":34,"409":45,"410":45,"411":100,"412":105,"413":115,"414":97,"415":98,"416":108,"417":101,"418":45,"419":102,"420":101,"421":97,"422":116,"423":117,"424":114,"425":101,"426":115,"427":61,"428":84,"429":114,"430":97,"431":110,"432":115,"433":108,"434":97,"435":116,"436":101,"437":34,"438":93,"439":125,"440":44,"441":34,"442":110,"443":101,"444":119,"445":67,"446":111,"447":109,"448":109,"449":97,"450":110,"451":100,"452":84,"453":105,"454":109,"455":101,"456":111,"457":117,"458":116,"459":34,"460":58,"461":48,"462":44,"463":34,"464":100,"465":101,"466":118,"467":105,"468":99,"469":101,"470":78,"471":97,"472":109,"473":101,"474":34,"475":58,"476":34,"477":97,"478":110,"479":100,"480":114,"481":111,"482":105,"483":100,"484":34,"485":44,"486":34,"487":115,"488":121,"489":115,"490":116,"491":101,"492":109,"493":80,"494":111,"495":114,"496":116,"497":34,"498":58,"499":56,"500":50,"501":48,"502":49,"503":44,"504":34,"505":117,"506":100,"507":105,"508":100,"509":34,"510":58,"511":34,"512":82,"513":90,"514":67,"515":88,"516":53,"517":48,"518":77,"519":78,"520":86,"521":90,"522":88,"523":34,"524":44,"525":34,"526":99,"527":104,"528":114,"529":111,"530":109,"531":101,"532":100,"533":114,"534":105,"535":118,"536":101,"537":114,"538":80,"539":111,"540":114,"541":116,"542":34,"543":58,"544":49,"545":56,"546":48,"547":56,"548":49,"549":44,"550":34,"551":115,"552":107,"553":105,"554":112,"555":83,"556":101,"557":114,"558":118,"559":101,"560":114,"561":73,"562":110,"563":115,"564":116,"565":97,"566":108,"567":108,"568":97,"569":116,"570":105,"571":111,"572":110,"573":34,"574":58,"575":116,"576":114,"577":117,"578":101,"579":125,"580":44,"581":34,"582":117,"583":110,"584":104,"585":97,"586":110,"587":100,"588":108,"589":101,"590":100,"591":80,"592":114,"593":111,"594":109,"595":112,"596":116,"597":66,"598":101,"599":104,"600":97,"601":118,"602":105,"603":111,"604":114,"605":34,"606":58,"607":34,"608":105,"609":103,"610":110,"611":111,"612":114,"613":101,"614":34,"615":44,"616":34,"617":112,"618":108,"619":97,"620":116,"621":102,"622":111,"623":114,"624":109,"625":78,"626":97,"627":109,"628":101,"629":34,"630":58,"631":34,"632":65,"633":110,"634":100,"635":114,"636":111,"637":105,"638":100,"639":34,"640":44,"641":34,"642":98,"643":114,"644":111,"645":119,"646":115,"647":101,"648":114,"649":78,"650":97,"651":109,"652":101,"653":34,"654":58,"655":34,"656":99,"657":104,"658":114,"659":111,"660":109,"661":101,"662":34,"663":44,"664":34,"665":103,"666":111,"667":111,"668":103,"669":58,"670":99,"671":104,"672":114,"673":111,"674":109,"675":101,"676":79,"677":112,"678":116,"679":105,"680":111,"681":110,"682":115,"683":34,"684":58,"685":123,"686":34,"687":97,"688":114,"689":103,"690":115,"691":34,"692":58,"693":91,"694":34,"695":45,"696":45,"697":112,"698":114,"699":111,"700":120,"701":121,"702":45,"703":98,"704":121,"705":112,"706":97,"707":115,"708":115,"709":45,"710":108,"711":105,"712":115,"713":116,"714":61,"715":60,"716":45,"717":108,"718":111,"719":111,"720":112,"721":98,"722":97,"723":99,"724":107,"725":62,"726":34,"727":44,"728":34,"729":116,"730":101,"731":115,"732":116,"733":45,"734":116,"735":121,"736":112,"737":101,"738":34,"739":44,"740":34,"741":45,"742":45,"743":112,"744":114,"745":111,"746":120,"747":121,"748":45,"749":115,"750":101,"751":114,"752":118,"753":101,"754":114,"755":61,"756":104,"757":116,"758":116,"759":112,"760":58,"761":47,"762":47,"763":50,"764":48,"765":51,"766":46,"767":51,"768":50,"769":46,"770":52,"771":49,"772":46,"773":49,"774":51,"775":58,"776":50,"777":54,"778":48,"779":56,"780":49,"781":34,"782":44,"783":34,"784":45,"785":45,"786":100,"787":105,"788":115,"789":97,"790":98,"791":108,"792":101,"793":45,"794":102,"795":101,"796":97,"797":116,"798":117,"799":114,"800":101,"801":115,"802":61,"803":84,"804":114,"805":97,"806":110,"807":115,"808":108,"809":97,"810":116,"811":101,"812":34,"813":93,"814":125,"815":44,"816":34,"817":110,"818":101,"819":119,"820":67,"821":111,"822":109,"823":109,"824":97,"825":110,"826":100,"827":84,"828":105,"829":109,"830":101,"831":111,"832":117,"833":116,"834":34,"835":58,"836":48,"837":44,"838":34,"839":100,"840":101,"841":118,"842":105,"843":99,"844":101,"845":78,"846":97,"847":109,"848":101,"849":34,"850":58,"851":34,"852":82,"853":90,"854":67,"855":88,"856":53,"857":48,"858":77,"859":78,"860":86,"861":90,"862":88,"863":34,"864":44,"865":34,"866":115,"867":121,"868":115,"869":116,"870":101,"871":109,"872":80,"873":111,"874":114,"875":116,"876":34,"877":58,"878":56,"879":50,"880":48,"881":49,"882":44,"883":34,"884":117,"885":100,"886":105,"887":100,"888":34,"889":58,"890":34,"891":82,"892":90,"893":67,"894":88,"895":53,"896":48,"897":77,"898":78,"899":86,"900":90,"901":88,"902":34,"903":44,"904":34,"905":99,"906":104,"907":114,"908":111,"909":109,"910":101,"911":100,"912":114,"913":105,"914":118,"915":101,"916":114,"917":80,"918":111,"919":114,"920":116,"921":34,"922":58,"923":49,"924":56,"925":48,"926":56,"927":49,"928":44,"929":34,"930":115,"931":107,"932":105,"933":112,"934":83,"935":101,"936":114,"937":118,"938":101,"939":114,"940":73,"941":110,"942":115,"943":116,"944":97,"945":108,"946":108,"947":97,"948":116,"949":105,"950":111,"951":110,"952":34,"953":58,"954":116,"955":114,"956":117,"957":101,"958":44,"959":34,"960":97,"961":112,"962":112,"963":80,"964":97,"965":99,"966":107,"967":97,"968":103,"969":101,"970":34,"971":58,"972":34,"973":99,"974":111,"975":109,"976":46,"977":97,"978":110,"979":100,"980":114,"981":111,"982":105,"983":100,"984":46,"985":99,"986":104,"987":114,"988":111,"989":109,"990":101,"991":34,"992":44,"993":34,"994":97,"995":112,"996":112,"997":65,"998":99,"999":116,"1000":105,"1001":118,"1002":105,"1003":116,"1004":121,"1005":34,"1006":58,"1007":34,"1008":99,"1009":111,"1010":109,"1011":46,"1012":103,"1013":111,"1014":111,"1015":103,"1016":108,"1017":101,"1018":46,"1019":97,"1020":110,"1021":100,"1022":114,"1023":111,"1024":105,"1025":100,"1026":46,"1027":97,"1028":112,"1029":112,"1030":115,"1031":46,"1032":99,"1033":104,"1034":114,"1035":111,"1036":109,"1037":101,"1038":46,"1039":77,"1040":97,"1041":105,"1042":110,"1043":34,"1044":44,"1045":34,"1046":100,"1047":101,"1048":118,"1049":105,"1050":99,"1051":101,"1052":85,"1053":68,"1054":73,"1055":68,"1056":34,"1057":58,"1058":34,"1059":82,"1060":90,"1061":67,"1062":88,"1063":53,"1064":48,"1065":77,"1066":78,"1067":86,"1068":90,"1069":88,"1070":34,"1071":44,"1072":34,"1073":100,"1074":101,"1075":118,"1076":105,"1077":99,"1078":101,"1079":65,"1080":112,"1081":105,"1082":76,"1083":101,"1084":118,"1085":101,"1086":108,"1087":34,"1088":58,"1089":51,"1090":52,"1091":44,"1092":34,"1093":112,"1094":108,"1095":97,"1096":116,"1097":102,"1098":111,"1099":114,"1100":109,"1101":86,"1102":101,"1103":114,"1104":115,"1105":105,"1106":111,"1107":110,"1108":34,"1109":58,"1110":34,"1111":49,"1112":52,"1113":34,"1114":44,"1115":34,"1116":100,"1117":101,"1118":118,"1119":105,"1120":99,"1121":101,"1122":83,"1123":99,"1124":114,"1125":101,"1126":101,"1127":110,"1128":83,"1129":105,"1130":122,"1131":101,"1132":34,"1133":58,"1134":34,"1135":49,"1136":48,"1137":56,"1138":48,"1139":120,"1140":50,"1141":51,"1142":52,"1143":48,"1144":34,"1145":44,"1146":34,"1147":100,"1148":101,"1149":118,"1150":105,"1151":99,"1152":101,"1153":83,"1154":99,"1155":114,"1156":101,"1157":101,"1158":110,"1159":68,"1160":101,"1161":110,"1162":115,"1163":105,"1164":116,"1165":121,"1166":34,"1167":58,"1168":52,"1169":56,"1170":48,"1171":44,"1172":34,"1173":100,"1174":101,"1175":118,"1176":105,"1177":99,"1178":101,"1179":77,"1180":111,"1181":100,"1182":101,"1183":108,"1184":34,"1185":58,"1186":34,"1187":83,"1188":77,"1189":45,"1190":83,"1191":57,"1192":50,"1193":49,"1194":66,"1195":34,"1196":44,"1197":34,"1198":100,"1199":101,"1200":118,"1201":105,"1202":99,"1203":101,"1204":77,"1205":97,"1206":110,"1207":117,"1208":102,"1209":97,"1210":99,"1211":116,"1212":117,"1213":114,"1214":101,"1215":114,"1216":34,"1217":58,"1218":34,"1219":115,"1220":97,"1221":109,"1222":115,"1223":117,"1224":110,"1225":103,"1226":34,"1227":44,"1228":34,"1229":112,"1230":105,"1231":120,"1232":101,"1233":108,"1234":82,"1235":97,"1236":116,"1237":105,"1238":111,"1239":34,"1240":58,"1241":51,"1242":44,"1243":34,"1244":115,"1245":116,"1246":97,"1247":116,"1248":66,"1249":97,"1250":114,"1251":72,"1252":101,"1253":105,"1254":103,"1255":104,"1256":116,"1257":34,"1258":58,"1259":56,"1260":52,"1261":44,"1262":34,"1263":118,"1264":105,"1265":101,"1266":119,"1267":112,"1268":111,"1269":114,"1270":116,"1271":82,"1272":101,"1273":99,"1274":116,"1275":34,"1276":58,"1277":123,"1278":34,"1279":108,"1280":101,"1281":102,"1282":116,"1283":34,"1284":58,"1285":48,"1286":44,"1287":34,"1288":116,"1289":111,"1290":112,"1291":34,"1292":58,"1293":56,"1294":52,"1295":44,"1296":34,"1297":119,"1298":105,"1299":100,"1300":116,"1301":104,"1302":34,"1303":58,"1304":49,"1305":48,"1306":56,"1307":48,"1308":44,"1309":34,"1310":104,"1311":101,"1312":105,"1313":103,"1314":104,"1315":116,"1316":34,"1317":58,"1318":50,"1319":48,"1320":50,"1321":53,"1322":125,"1323":125}}
[90m2025-12-27T06:47:34.221Z[39m [96mINFO[39m [97m@wdio/browserstack-service[39m Sending TestSessionEvent
[90m2025-12-27T06:47:34.225Z[39m [32mDEBUG[39m [97m@wdio/browserstack-service[39m onAllTestEvents: Called after all test events from cli configured module!!!
[90m2025-12-27T06:47:34.225Z[39m [32mDEBUG[39m [97m@wdio/browserstack-service[39m sendTestFrameworkEvent for testState: TEST hookState: PRE
[90m2025-12-27T06:47:34.228Z[39m [32mDEBUG[39m [97m@wdio/browserstack-service[39m sendTestFrameworkEvent payload: {"platformIndex":0,"testFrameworkName":"WebdriverIO-mocha","testFrameworkVersion":"9.21.0","testFrameworkState":"TEST","testHookState":"PRE","startedAt":"2025-12-27T06:47:34.214Z","endedAt":"","uuid":"9d33f0e2-de82-4881-bb18-779d1c165c56","eventJson":{"type":"Buffer","data":[123,34,116,101,115,116,95,102,114,97,109,101,119,111,114,107,95,110,97,109,101,34,58,34,87,101,98,100,114,105,118,101,114,73,79,45,109,111,99,104,97,34,44,34,116,101,115,116,95,102,114,97,109,101,119,111,114,107,95,118,101,114,115,105,111,110,34,58,34,57,46,50,49,46,48,34,44,34,116,101,115,116,95,108,111,103,115,34,58,91,93,44,34,116,101,115,116,95,104,111,111,107,115,95,102,105,110,105,115,104,101,100,34,58,123,125,44,34,116,101,115,116,95,104,111,111,107,115,95,115,116,97,114,116,101,100,34,58,123,125,44,34,116,101,115,116,95,117,117,105,100,34,58,34,57,100,51,51,102,48,101,50,45,100,101,56,50,45,52,56,56,49,45,98,98,49,56,45,55,55,57,100,49,99,49,54,53,99,53,54,34,44,34,116,101,115,116,95,114,101,115,117,108,116,34,58,34,112,101,110,100,105,110,103,34,44,34,116,101,115,116,95,104,111,111,107,95,108,97,115,116,95,115,116,97,114,116,101,100,34,58,34,84,101,115,116,70,114,97,109,101,119,111,114,107,83,116,97,116,101,46,84,69,83,84,34,44,34,116,101,115,116,95,105,100,34,58,34,66,68,79,32,79,110,108,105,110,101,32,66,97,110,107,105,110,103,32,45,32,80,97,103,101,32,76,111,97,100,32,84,101,115,116,32,45,32,115,104,111,117,108,100,32,111,112,101,110,32,66,68,79,32,79,110,108,105,110,101,32,66,97,110,107,105,110,103,32,97,110,100,32,118,97,108,105,100,97,116,101,32,102,117,108,108,32,112,97,103,101,32,114,101,97,100,105,110,101,115,115,34,44,34,116,101,115,116,95,110,97,109,101,34,58,34,115,104,111,117,108,100,32,111,112,101,110,32,66,68,79,32,79,110,108,105,110,101,32,66,97,110,107,105,110,103,32,97,110,100,32,118,97,108,105,100,97,116,101,32,102,117,108,108,32,112,97,103,101,32,114,101,97,100,105,110,101,115,115,34,44,34,116,101,115,116,95,99,111,100,101,34,58,34,97,115,121,110,99,32,102,117,110,99,116,105,111,110,32,40,41,32,123,92,110,32,32,32,32,32,32,32,32,99,111,110,115,116,32,99,97,112,115,32,61,32,98,114,111,119,115,101,114,46,99,97,112,97,98,105,108,105,116,105,101,115,59,92,110,32,32,32,32,32,32,32,32,99,111,110,115,116,32,100,101,118,105,99,101,32,61,32,99,97,112,115,46,100,101,118,105,99,101,78,97,109,101,32,124,124,32,99,97,112,115,46,98,114,111,119,115,101,114,78,97,109,101,32,124,124,32,39,117,110,107,110,111,119,110,45,100,101,118,105,99,101,39,59,92,110,32,32,32,32,32,32,32,32,99,111,110,115,116,32,111,115,32,61,32,99,97,112,115,46,111,115,32,124,124,32,99,97,112,115,46,112,108,97,116,102,111,114,109,78,97,109,101,32,124,124,32,39,117,110,107,110,111,119,110,45,111,115,39,59,92,110,32,32,32,32,32,32,32,32,99,111,110,115,116,32,98,114,111,119,115,101,114,78,97,109,101,32,61,32,99,97,112,115,46,98,114,111,119,115,101,114,78,97,109,101,32,124,124,32,39,117,110,107,110,111,119,110,45,98,114,111,119,115,101,114,39,59,92,110,32,32,32,32,32,32,32,32,99,111,110,115,116,32,105,115,77,111,98,105,108,101,32,61,32,47,105,111,115,124,97,110,100,114,111,105,100,47,105,46,116,101,115,116,40,111,115,41,32,124,124,32,47,115,97,102,97,114,105,47,105,46,116,101,115,116,40,98,114,111,119,115,101,114,78,97,109,101,41,32,124,124,32,47,99,104,114,111,109,101,47,105,46,116,101,115,116,40,98,114,111,119,115,101,114,78,97,109,101,41,59,92,110,92,110,32,32,32,32,32,32,32,32,108,101,116,32,115,116,97,116,117,115,32,61,32,39,112,97,115,115,101,100,39,59,92,110,32,32,32,32,32,32,32,32,108,101,116,32,116,105,116,108,101,32,61,32,39,78,47,65,39,59,92,110,32,32,32,32,32,32,32,32,108,101,116,32,115,99,114,101,101,110,115,104,111,116,78,97,109,101,32,61,32,39,78,47,65,39,59,92,110,32,32,32,32,32,32,32,32,108,101,116,32,115,111,102,116,70,97,105,108,78,111,116,101,32,61,32,39,39,59,92,110,92,110,32,32,32,32,32,32,32,32,116,114,121,32,123,92,110,32,32,32,32,32,32,32,32,32,32,32,32,97,119,97,105,116,32,98,114,111,119,115,101,114,46,117,114,108,40,39,104,116,116,112,115,58,47,47,119,119,119,46,111,110,108,105,110,101,98,97,110,107,105,110,103,46,98,100,111,46,99,111,109,46,112,104,47,39,41,59,92,110,92,110,32,32,32,32,32,32,32,32,32,32,32,32,47,47,32,49,239,184,143,226,131,163,32,68,79,77,32,43,32,85,82,76,32,114,101,97,100,121,32,40,115,111,102,116,45,102,97,105,108,32,102,111,114,32,109,111,98,105,108,101,41,92,110,32,32,32,32,32,32,32,32,32,32,32,32,116,114,121,32,123,92,110,32,32,32,32,32,32,32,32,32,32,32,32,32,32,32,32,97,119,97,105,116,32,98,114,111,119,115,101,114,46,119,97,105,116,85,110,116,105,108,40,92,110,32,32,32,32,32,32,32,32,32,32,32,32,32,32,32,32,32,32,32,32,97,115,121,110,99,32,40,41,32,61,62,32,123,92,110,32,32,32,32,32,32,32,32,32,32,32,32,32,32,32,32,32,32,32,32,32,32,32,32,99,111,110,115,116,32,114,101,97,100,121,83,116,97,116,101,32,61,32,97,119,97,105,116,32,98,114,111,119,115,101,114,46,101,120,101,99,117,116,101,40,40,41,32,61,62,32,100,111,99,117,109,101,110,116,46,114,101,97,100,121,83,116,97,116,101,41,59,92,110,32,32,32,32,32,32,32,32,32,32,32,32,32,32,32,32,32,32,32,32,32,32,32,32,99,111,110,115,116,32,99,117,114,114,101,110,116,85,114,108,32,61,32,97,119,97,105,116,32,98,114,111,119,115,101,114,46,103,101,116,85,114,108,40,41,59,92,110,32,32,32,32,32,32,32,32,32,32,32,32,32,32,32,32,32,32,32,32,32,32,32,32,114,101,116,117,114,110,32,114,101,97,100,121,83,116,97,116,101,32,61,61,61,32,39,99,111,109,112,108,101,116,101,39,32,38,38,32,99,117,114,114,101,110,116,85,114,108,46,105,110,99,108,117,100,101,115,40,39,98,100,111,46,99,111,109,46,112,104,39,41,59,92,110,32,32,32,32,32,32,32,32,32,32,32,32,32,32,32,32,32,32,32,32,125,44,92,110,32,32,32,32,32,32,32,32,32,32,32,32,32,32,32,32,32,32,32,32,123,32,116,105,109,101,111,117,116,58,32,105,115,77,111,98,105,108,101,32,63,32,57,48,48,48,48,32,58,32,52,53,48,48,48,32,125,92,110,32,32,32,32,32,32,32,32,32,32,32,32,32,32,32,32,41,59,92,110,32,32,32,32,32,32,32,32,32,32,32,32,125,32,99,97,116,99,104,32,40,100,111,109,69,114,114,41,32,123,92,110,32,32,32,32,32,32,32,32,32,32,32,32,32,32,32,32,105,102,32,40,105,115,77,111,98,105,108,101,41,32,123,92,110,32,32,32,32,32,32,32,32,32,32,32,32,32,32,32,32,32,32,32,32,115,111,102,116,70,97,105,108,78,111,116,101,32,43,61,32,39,226,154,160,32,77,111,98,105,108,101,32,68,79,77,32,109,97,121,32,110,111,116,32,98,101,32,102,117,108,108,121,32,114,101,110,100,101,114,101,100,59,32,99,111,110,116,105,110,117,105,110,103,32,97,115,32,115,111,102,116,45,102,97,105,108,60,98,114,47,62,39,59,92,110,32,32,32,32,32,32,32,32,32,32,32,32,32,32,32,32,125,32,101,108,115,101,32,123,92,110,32,32,32,32,32,32,32,32,32,32,32,32,32,32,32,32,32,32,32,32,116,104,114,111,119,32,100,111,109,69,114,114,59,92,110,32,32,32,32,32,32,32,32,32,32,32,32,32,32,32,32,125,92,110,32,32,32,32,32,32,32,32,32,32,32,32,125,92,110,92,110,32,32,32,32,32,32,32,32,32,32,32,32,47,47,32,50,239,184,143,226,131,163,32,68,101,116,101,99,116,32,66,76,79,67,75,69,68,32,47,32,83,69,67,85,82,73,84,89,32,112,97,103,101,115,92,110,32,32,32,32,32,32,32,32,32,32,32,32,99,111,110,115,116,32,112,97,103,101,67,111,110,116,101,110,116,32,61,32,97,119,97,105,116,32,98,114,111,119,115,101,114,46,101,120,101,99,117,116,101,40,40,41,32,61,62,32,100,111,99,117,109,101,110,116,46,98,111,100,121,46,105,110,110,101,114,84,101,120,116,46,116,111,76,111,119,101,114,67,97,115,101,40,41,41,59,92,110,32,32,32,32,32,32,32,32,32,32,32,32,105,102,32,40,92,110,32,32,32,32,32,32,32,32,32,32,32,32,32,32,32,32,112,97,103,101,67,111,110,116,101,110,116,46,105,110,99,108,117,100,101,115,40,39,97,99,99,101,115,115,32,100,101,110,105,101,100,39,41,32,124,124,92,110,32,32,32,32,32,32,32,32,32,32,32,32,32,32,32,32,112,97,103,101,67,111,110,116,101,110,116,46,105,110,99,108,117,100,101,115,40,39,115,101,99,117,114,105,116,121,32,99,104,101,99,107,39,41,32,124,124,92,110,32,32,32,32,32,32,32,32,32,32,32,32,32,32,32,32,112,97,103,101,67,111,110,116,101,110,116,46,105,110,99,108,117,100,101,115,40,39,117,110,117,115,117,97,108,32,97,99,116,105,118,105,116,121,39,41,32,124,124,92,110,32,32,32,32,32,32,32,32,32,32,32,32,32,32,32,32,112,97,103,101,67,111,110,116,101,110,116,46,105,110,99,108,117,100,101,115,40,39,118,101,114,105,102,121,32,121,111,117,32,97,114,101,32,104,117,109,97,110,39,41,92,110,32,32,32,32,32,32,32,32,32,32,32,32,41,32,123,92,110,32,32,32,32,32,32,32,32,32,32,32,32,32,32,32,32,116,104,114,111,119,32,110,101,119,32,69,114,114,111,114,40,39,66,108,111,99,107,101,100,32,47,32,115,101,99,117,114,105,116,121,32,112,97,103,101,32,100,101,116,101,99,116,101,100,39,41,59,92,110,32,32,32,32,32,32,32,32,32,32,32,32,125,92,110,92,110,32,32,32,32,32,32,32,32,32,32,32,32,47,47,32,51,239,184,143,226,131,163,32,68,101,116,101,99,116,32,77,65,73,78,84,69,78,65,78,67,69,32,112,97,103,101,92,110,32,32,32,32,32,32,32,32,32,32,32,32,105,102,32,40,92,110,32,32,32,32,32,32,32,32,32,32,32,32,32,32,32,32,112,97,103,101,67,111,110,116,101,110,116,46,105,110,99,108,117,100,101,115,40,39,109,97,105,110,116,101,110,97,110,99,101,39,41,32,124,124,92,110,32,32,32,32,32,32,32,32,32,32,32,32,32,32,32,32,112,97,103,101,67,111,110,116,101,110,116,46,105,110,99,108,117,100,101,115,40,39,116,101,109,112,111,114,97,114,105,108,121,32,117,110,97,118,97,105,108,97,98,108,101,39,41,32,124,124,92,110,32,32,32,32,32,32,32,32,32,32,32,32,32,32,32,32,112,97,103,101,67,111,110,116,101,110,116,46,105,110,99,108,117,100,101,115,40,39,119,101,226,128,153,108,108,32,98,101,32,98,97,99,107,32,115,111,111,110,39,41,92,110,32,32,32,32,32,32,32,32,32,32,32,32,41,32,123,92,110,32,32,32,32,32,32,32,32,32,32,32,32,32,32,32,32,116,104,114,111,119,32,110,101,119,32,69,114,114,111,114,40,39,77,97,105,110,116,101,110,97,110,99,101,32,112,97,103,101,32,100,101,116,101,99,116,101,100,39,41,59,92,110,32,32,32,32,32,32,32,32,32,32,32,32,125,92,110,92,110,32,32,32,32,32,32,32,32,32,32,32,32,47,47,32,52,239,184,143,226,131,163,32,78,101,116,119,111,114,107,32,105,100,108,101,32,97,112,112,114,111,120,105,109,97,116,105,111,110,92,110,32,32,32,32,32,32,32,32,32,32,32,32,97,119,97,105,116,32,98,114,111,119,115,101,114,46,101,120,101,99,117,116,101,40,40,41,32,61,62,32,123,92,110,32,32,32,32,32,32,32,32,32,32,32,32,32,32,32,32,119,105,110,100,111,119,46,95,95,108,97,115,116,78,101,116,119,111,114,107,65,99,116,105,118,105,116,121,32,61,32,68,97,116,101,46,110,111,119,40,41,59,92,110,32,32,32,32,32,32,32,32,32,32,32,32,32,32,32,32,99,111,110,115,116,32,111,114,105,103,70,101,116,99,104,32,61,32,119,105,110,100,111,119,46,102,101,116,99,104,59,92,110,32,32,32,32,32,32,32,32,32,32,32,32,32,32,32,32,119,105,110,100,111,119,46,102,101,116,99,104,32,61,32,102,117,110,99,116,105,111,110,32,40,41,32,123,92,110,32,32,32,32,32,32,32,32,32,32,32,32,32,32,32,32,32,32,32,32,119,105,110,100,111,119,46,95,95,108,97,115,116,78,101,116,119,111,114,107,65,99,116,105,118,105,116,121,32,61,32,68,97,116,101,46,110,111,119,40,41,59,92,110,32,32,32,32,32,32,32,32,32,32,32,32,32,32,32,32,32,32,32,32,114,101,116,117,114,110,32,111,114,105,103,70,101,116,99,104,46,97,112,112,108,121,40,116,104,105,115,44,32,97,114,103,117,109,101,110,116,115,41,59,92,110,32,32,32,32,32,32,32,32,32,32,32,32,32,32,32,32,125,59,92,110,32,32,32,32,32,32,32,32,32,32,32,32,32,32,32,32,99,111,110,115,116,32,111,114,105,103,88,104,114,79,112,101,110,32,61,32,88,77,76,72,116,116,112,82,101,113,117,101,115,116,46,112,114,111,116,111,116,121,112,101,46,111,112,101,110,59,92,110,32,32,32,32,32,32,32,32,32,32,32,32,32,32,32,32,88,77,76,72,116,116,112,82,101,113,117,101,115,116,46,112,114,111,116,111,116,121,112,101,46,111,112,101,110,32,61,32,102,117,110,99,116,105,111,110,32,40,41,32,123,92,110,32,32,32,32,32,32,32,32,32,32,32,32,32,32,32,32,32,32,32,32,116,104,105,115,46,97,100,100,69,118,101,110,116,76,105,115,116,101,110,101,114,40,39,108,111,97,100,101,110,100,39,44,32,40,41,32,61,62,32,123,92,110,32,32,32,32,32,32,32,32,32,32,32,32,32,32,32,32,32,32,32,32,32,32,32,32,119,105,110,100,111,119,46,95,95,108,97,115,116,78,101,116,119,111,114,107,65,99,116,105,118,105,116,121,32,61,32,68,97,116,101,46,110,111,119,40,41,59,92,110,32,32,32,32,32,32,32,32,32,32,32,32,32,32,32,32,32,32,32,32,125,41,59,92,110,32,32,32,32,32,32,32,32,32,32,32,32,32,32,32,32,32,32,32,32,111,114,105,103,88,104,114,79,112,101,110,46,97,112,112,108,121,40,116,104,105,115,44,32,97,114,103,117,109,101,110,116,115,41,59,92,110,32,32,32,32,32,32,32,32,32,32,32,32,32,32,32,32,125,59,92,110,32,32,32,32,32,32,32,32,32,32,32,32,125,41,59,92,110,92,110,32,32,32,32,32,32,32,32,32,32,32,32,116,114,121,32,123,92,110,32,32,32,32,32,32,32,32,32,32,32,32,32,32,32,32,97,119,97,105,116,32,98,114,111,119,115,101,114,46,119,97,105,116,85,110,116,105,108,40,92,110,32,32,32,32,32,32,32,32,32,32,32,32,32,32,32,32,32,32,32,32,97,115,121,110,99,32,40,41,32,61,62,32,123,92,110,32,32,32,32,32,32,32,32,32,32,32,32,32,32,32,32,32,32,32,32,32,32,32,32,99,111,110,115,116,32,108,97,115,116,32,61,32,97,119,97,105,116,32,98,114,111,119,115,101,114,46,101,120,101,99,117,116,101,40,40,41,32,61,62,32,119,105,110,100,111,119,46,95,95,108,97,115,116,78,101,116,119,111,114,107,65,99,116,105,118,105,116,121,41,59,92,110,32,32,32,32,32,32,32,32,32,32,32,32,32,32,32,32,32,32,32,32,32,32,32,32,114,101,116,117,114,110,32,68,97,116,101,46,110,111,119,40,41,32,45,32,108,97,115,116,32,62,32,51,48,48,48,59,32,47,47,32,51,115,32,110,101,116,119,111,114,107,32,105,100,108,101,92,110,32,32,32,32,32,32,32,32,32,32,32,32,32,32,32,32,32,32,32,32,125,44,92,110,32,32,32,32,32,32,32,32,32,32,32,32,32,32,32,32,32,32,32,32,123,32,116,105,109,101,111,117,116,58,32,52,53,48,48,48,32,125,92,110,32,32,32,32,32,32,32,32,32,32,32,32,32,32,32,32,41,59,92,110,32,32,32,32,32,32,32,32,32,32,32,32,125,32,99,97,116,99,104,32,40,110,101,116,69,114,114,41,32,123,92,110,32,32,32,32,32,32,32,32,32,32,32,32,32,32,32,32,115,111,102,116,70,97,105,108,78,111,116,101,32,43,61,32,39,226,154,160,32,78,101,116,119,111,114,107,32,105,100,108,101,32,110,111,116,32,114,101,97,99,104,101,100,59,32,99,111,110,116,105,110,117,105,110,103,32,97,115,32,115,111,102,116,45,102,97,105,108,60,98,114,47,62,39,59,92,110,32,32,32,32,32,32,32,32,32,32,32,32,125,92,110,92,110,32,32,32,32,32,32,32,32,32,32,32,32,47,47,32,53,239,184,143,226,131,163,32,83,112,105,110,110,101,114,32,119,97,105,116,32,40,83,79,70,84,45,70,65,73,76,32,102,111,114,32,97,108,108,32,109,111,98,105,108,101,41,92,110,32,32,32,32,32,32,32,32,32,32,32,32,116,114,121,32,123,92,110,32,32,32,32,32,32,32,32,32,32,32,32,32,32,32,32,97,119,97,105,116,32,98,114,111,119,115,101,114,46,119,97,105,116,85,110,116,105,108,40,92,110,32,32,32,32,32,32,32,32,32,32,32,32,32,32,32,32,32,32,32,32,97,115,121,110,99,32,40,41,32,61,62,32,123,92,110,32,32,32,32,32,32,32,32,32,32,32,32,32,32,32,32,32,32,32,32,32,32,32,32,114,101,116,117,114,110,32,97,119,97,105,116,32,98,114,111,119,115,101,114,46,101,120,101,99,117,116,101,40,40,41,32,61,62,32,123,92,110,32,32,32,32,32,32,32,32,32,32,32,32,32,32,32,32,32,32,32,32,32,32,32,32,32,32,32,32,99,111,110,115,116,32,115,112,105,110,110,101,114,115,32,61,32,100,111,99,117,109,101,110,116,46,113,117,101,114,121,83,101,108,101,99,116,111,114,65,108,108,40,92,110,32,32,32,32,32,32,32,32,32,32,32,32,32,32,32,32,32,32,32,32,32,32,32,32,32,32,32,32,32,32,32,32,39,91,99,108,97,115,115,42,61,92,34,115,112,105,110,110,101,114,92,34,93,44,32,91,99,108,97,115,115,42,61,92,34,108,111,97,100,105,110,103,92,34,93,44,32,91,97,114,105,97,45,98,117,115,121,61,92,34,116,114,117,101,92,34,93,39,92,110,32,32,32,32,32,32,32,32,32,32,32,32,32,32,32,32,32,32,32,32,32,32,32,32,32,32,32,32,41,59,92,110,32,32,32,32,32,32,32,32,32,32,32,32,32,32,32,32,32,32,32,32,32,32,32,32,32,32,32,32,114,101,116,117,114,110,32,65,114,114,97,121,46,102,114,111,109,40,115,112,105,110,110,101,114,115,41,46,101,118,101,114,121,40,101,108,32,61,62,32,123,92,110,32,32,32,32,32,32,32,32,32,32,32,32,32,32,32,32,32,32,32,32,32,32,32,32,32,32,32,32,32,32,32,32,99,111,110,115,116,32,115,116,121,108,101,32,61,32,119,105,110,100,111,119,46,103,101,116,67,111,109,112,117,116,101,100,83,116,121,108,101,40,101,108,41,59,92,110,32,32,32,32,32,32,32,32,32,32,32,32,32,32,32,32,32,32,32,32,32,32,32,32,32,32,32,32,32,32,32,32,114,101,116,117,114,110,32,115,116,121,108,101,46,100,105,115,112,108,97,121,32,61,61,61,32,39,110,111,110,101,39,32,124,124,32,115,116,121,108,101,46,118,105,115,105,98,105,108,105,116,121,32,61,61,61,32,39,104,105,100,100,101,110,39,59,92,110,32,32,32,32,32,32,32,32,32,32,32,32,32,32,32,32,32,32,32,32,32,32,32,32,32,32,32,32,125,41,59,92,110,32,32,32,32,32,32,32,32,32,32,32,32,32,32,32,32,32,32,32,32,32,32,32,32,125,41,59,92,110,32,32,32,32,32,32,32,32,32,32,32,32,32,32,32,32,32,32,32,32,125,44,92,110,32,32,32,32,32,32,32,32,32,32,32,32,32,32,32,32,32,32,32,32,123,32,116,105,109,101,111,117,116,58,32,57,48,48,48,48,32,125,32,47,47,32,101,120,116,101,110,100,32,116,111,32,57,48,115,32,102,111,114,32,115,108,111,119,32,100,101,118,105,99,101,115,92,110,32,32,32,32,32,32,32,32,32,32,32,32,32,32,32,32,41,59,92,110,32,32,32,32,32,32,32,32,32,32,32,32,125,32,99,97,116,99,104,32,40,115,112,105,110,110,101,114,69,114,114,41,32,123,92,110,32,32,32,32,32,32,32,32,32,32,32,32,32,32,32,32,115,111,102,116,70,97,105,108,78,111,116,101,32,43,61,32,39,226,154,160,32,83,112,105,110,110,101,114,32,115,116,105,108,108,32,118,105,115,105,98,108,101,32,40,115,111,102,116,45,102,97,105,108,41,60,98,114,47,62,39,59,92,110,32,32,32,32,32,32,32,32,32,32,32,32,125,92,110,92,110,32,32,32,32,32,32,32,32,32,32,32,32,47,47,32,54,239,184,143,226,131,163,32,67,97,112,116,117,114,101,32,116,105,116,108,101,92,110,32,32,32,32,32,32,32,32,32,32,32,32,116,105,116,108,101,32,61,32,97,119,97,105,116,32,98,114,111,119,115,101,114,46,103,101,116,84,105,116,108,101,40,41,59,92,110,92,110,32,32,32,32,32,32,32,32,32,32,32,32,47,47,32,55,239,184,143,226,131,163,32,83,99,114,101,101,110,115,104,111,116,92,110,32,32,32,32,32,32,32,32,32,32,32,32,115,99,114,101,101,110,115,104,111,116,78,97,109,101,32,61,32,96,36,123,68,97,116,101,46,110,111,119,40,41,125,45,36,123,100,101,118,105,99,101,46,114,101,112,108,97,99,101,40,47,92,92,115,47,103,44,32,39,95,39,41,125,45,66,68,79,46,112,110,103,96,59,92,110,32,32,32,32,32,32,32,32,32,32,32,32,99,111,110,115,116,32,115,99,114,101,101,110,115,104,111,116,80,97,116,104,32,61,32,112,97,116,104,46,106,111,105,110,40,115,99,114,101,101,110,115,104,111,116,68,105,114,44,32,115,99,114,101,101,110,115,104,111,116,78,97,109,101,41,59,92,110,32,32,32,32,32,32,32,32,32,32,32,32,97,119,97,105,116,32,98,114,111,119,115,101,114,46,115,97,118,101,83,99,114,101,101,110,115,104,111,116,40,115,99,114,101,101,110,115,104,111,116,80,97,116,104,41,59,92,110,92,110,32,32,32,32,32,32,32,32,125,32,99,97,116,99,104,32,40,101,114,114,41,32,123,92,110,32,32,32,32,32,32,32,32,32,32,32,32,115,116,97,116,117,115,32,61,32,39,102,97,105,108,101,100,39,59,92,110,32,32,32,32,32,32,32,32,32,32,32,32,116,104,114,111,119,32,101,114,114,59,92,110,32,32,32,32,32,32,32,32,125,32,102,105,110,97,108,108,121,32,123,92,110,32,32,32,32,32,32,32,32,32,32,32,32,47,47,32,80,114,101,112,97,114,101,32,72,84,77,76,32,114,101,112,111,114,116,32,114,111,119,92,110,32,32,32,32,32,32,32,32,32,32,32,32,105,102,32,40,33,102,115,46,101,120,105,115,116,115,83,121,110,99,40,114,101,112,111,114,116,68,105,114,41,41,32,102,115,46,109,107,100,105,114,83,121,110,99,40,114,101,112,111,114,116,68,105,114,44,32,123,32,114,101,99,117,114,115,105,118,101,58,32,116,114,117,101,32,125,41,59,92,110,32,32,32,32,32,32,32,32,32,32,32,32,105,102,32,40,33,102,115,46,101,120,105,115,116,115,83,121,110,99,40,115,99,114,101,101,110,115,104,111,116,68,105,114,41,41,32,102,115,46,109,107,100,105,114,83,121,110,99,40,115,99,114,101,101,110,115,104,111,116,68,105,114,44,32,123,32,114,101,99,117,114,115,105,118,101,58,32,116,114,117,101,32,125,41,59,92,110,92,110,32,32,32,32,32,32,32,32,32,32,32,32,99,111,110,115,116,32,102,105,110,97,108,83,116,97,116,117,115,32,61,92,110,32,32,32,32,32,32,32,32,32,32,32,32,32,32,32,32,115,116,97,116,117,115,32,61,61,61,32,39,112,97,115,115,101,100,39,32,38,38,32,115,111,102,116,70,97,105,108,78,111,116,101,32,63,32,39,119,97,114,110,105,110,103,39,32,58,32,115,116,97,116,117,115,59,92,110,92,110,32,32,32,32,32,32,32,32,32,32,32,32,99,111,110,115,116,32,114,111,119,72,116,109,108,32,61,32,96,60,116,114,62,92,110,60,116,100,62,36,123,100,101,118,105,99,101,125,60,47,116,100,62,92,110,60,116,100,62,36,123,111,115,125,60,47,116,100,62,92,110,60,116,100,62,36,123,98,114,111,119,115,101,114,78,97,109,101,125,60,47,116,100,62,92,110,60,116,100,62,36,123,116,105,116,108,101,125,36,123,115,111,102,116,70,97,105,108,78,111,116,101,32,63,32,96,60,98,114,47,62,60,115,109,97,108,108,62,36,123,115,111,102,116,70,97,105,108,78,111,116,101,125,60,47,115,109,97,108,108,62,96,32,58,32,39,39,125,60,47,116,100,62,92,110,60,116,100,32,99,108,97,115,115,61,92,34,36,123,102,105,110,97,108,83,116,97,116,117,115,125,92,34,62,36,123,102,105,110,97,108,83,116,97,116,117,115,46,116,111,85,112,112,101,114,67,97,115,101,40,41,125,60,47,116,100,62,92,110,60,116,100,62,36,123,92,110,32,32,32,32,32,32,32,32,32,32,32,32,32,32,32,32,115,99,114,101,101,110,115,104,111,116,78,97,109,101,32,33,61,61,32,39,78,47,65,39,92,110,32,32,32,32,32,32,32,32,32,32,32,32,32,32,32,32,32,32,32,32,63,32,96,60,97,32,104,114,101,102,61,92,34,46,46,47,115,99,114,101,101,110,115,104,111,116,47,36,123,115,99,114,101,101,110,115,104,111,116,78,97,109,101,125,92,34,32,116,97,114,103,101,116,61,92,34,95,98,108,97,110,107,92,34,62,86,105,101,119,60,47,97,62,96,92,110,32,32,32,32,32,32,32,32,32,32,32,32,32,32,32,32,32,32,32,32,58,32,39,78,47,65,39,92,110,32,32,32,32,32,32,32,32,32,32,32,32,125,60,47,116,100,62,92,110,60,47,116,114,62,96,59,92,110,92,110,32,32,32,32,32,32,32,32,32,32,32,32,102,115,46,97,112,112,101,110,100,70,105,108,101,83,121,110,99,40,114,101,112,111,114,116,70,105,108,101,44,32,114,111,119,72,116,109,108,41,59,92,110,32,32,32,32,32,32,32,32,125,92,110,32,32,32,32,125,34,44,34,116,101,115,116,95,102,105,108,101,95,112,97,116,104,34,58,34,116,101,115,116,115,47,98,100,111,95,116,101,115,116,46,106,115,34,44,34,116,101,115,116,95,108,111,99,97,116,105,111,110,34,58,34,116,101,115,116,115,47,98,100,111,95,116,101,115,116,46,106,115,34,44,34,116,101,115,116,95,115,99,111,112,101,34,58,34,66,68,79,32,79,110,108,105,110,101,32,66,97,110,107,105,110,103,32,45,32,80,97,103,101,32,76,111,97,100,32,84,101,115,116,32,45,32,115,104,111,117,108,100,32,111,112,101,110,32,66,68,79,32,79,110,108,105,110,101,32,66,97,110,107,105,110,103,32,97,110,100,32,118,97,108,105,100,97,116,101,32,102,117,108,108,32,112,97,103,101,32,114,101,97,100,105,110,101,115,115,34,44,34,116,101,115,116,95,115,99,111,112,101,115,34,58,91,34,66,68,79,32,79,110,108,105,110,101,32,66,97,110,107,105,110,103,32,45,32,80,97,103,101,32,76,111,97,100,32,84,101,115,116,34,93,44,34,116,101,115,116,95,115,116,97,114,116,101,100,95,97,116,34,58,34,50,48,50,53,45,49,50,45,50,55,84,48,54,58,52,55,58,51,52,46,50,49,52,90,34,44,34,97,117,116,111,109,97,116,101,95,115,101,115,115,105,111,110,95,110,97,109,101,34,58,34,66,68,79,32,79,110,108,105,110,101,32,66,97,110,107,105,110,103,32,45,32,80,97,103,101,32,76,111,97,100,32,84,101,115,116,32,45,32,115,104,111,117,108,100,32,111,112,101,110,32,66,68,79,32,79,110,108,105,110,101,32,66,97,110,107,105,110,103,32,97,110,100,32,118,97,108,105,100,97,116,101,32,102,117,108,108,32,112,97,103,101,32,114,101,97,100,105,110,101,115,115,34,125]},"executionContext":{"hash":"5ff19818c5510eefce19bc7b7b1e7b06af88cb5e13512144f76d016f3a6f2a53","threadId":"0","processId":"28735"}}
[90m2025-12-27T06:47:34.228Z[39m [96mINFO[39m [97m@wdio/browserstack-service[39m Sending TestFrameworkEvent
[90m2025-12-27T06:47:34.271Z[39m [96mINFO[39m [97m@wdio/browserstack-service[39m testSessionEvent successful
[90m2025-12-27T06:47:34.271Z[39m [32mDEBUG[39m [97m@wdio/browserstack-service[39m sendTestSessionEvent complete for testState: TEST hookState: PRE
[90m2025-12-27T06:47:34.272Z[39m [96mINFO[39m [97m@wdio/browserstack-service[39m testFrameworkEvent successful
[90m2025-12-27T06:47:34.276Z[39m [32mDEBUG[39m [97m@wdio/browserstack-service[39m sendTestFrameworkEvent complete for testState: TEST hookState: PRE
[90m2025-12-27T06:47:44.930Z[39m [96mINFO[39m [97m@wdio/browserstack-service[39m trackEvent: testFrameworkState=TestFrameworkState.LOG_REPORT hookState=HookState.POST
[90m2025-12-27T06:47:44.931Z[39m [96mINFO[39m [97m@wdio/browserstack-service[39m trackEvent: testFrameworkState=TestFrameworkState.LOG_REPORT; hookState=HookState.POST; args=[object Object]
[90m2025-12-27T06:47:44.931Z[39m [96mINFO[39m [97m@wdio/browserstack-service[39m resolveInstance: resolving instance for testFrameworkState=TestFrameworkState.LOG_REPORT hookState=HookState.POST
[90m2025-12-27T06:47:44.933Z[39m [96mINFO[39m [97m@wdio/browserstack-service[39m trackEvent: load test results
[90m2025-12-27T06:47:44.933Z[39m [96mINFO[39m [97m@wdio/browserstack-service[39m Hook List in Post []
[90m2025-12-27T06:47:44.933Z[39m [96mINFO[39m [97m@wdio/browserstack-service[39m trackHookEvents: hook state=TestFrameworkState.LOG_REPORT.HookState.POST, hooks started={}, hooks finished={}
[90m2025-12-27T06:47:44.934Z[39m [32mDEBUG[39m [97m@wdio/browserstack-service[39m trackEvent: tracked instance data={"test_framework_name":"WebdriverIO-mocha","test_framework_version":"9.21.0","test_logs":[],"test_hooks_finished":{},"test_hooks_started":{},"test_uuid":"b219717c-2498-4c41-9a1f-740588d1f859","test_result":"passed","test_hook_last_started":"TestFrameworkState.TEST","test_id":"BDO Online Banking - Page Load Test - should open BDO Online Banking and validate full page readiness","test_name":"should open BDO Online Banking and validate full page readiness","test_code":"async function () {\n        const caps = browser.capabilities;\n        const device = caps.deviceName || caps.browserName || 'unknown-device';\n        const os = caps.os || caps.platformName || 'unknown-os';\n        const browserName = caps.browserName || 'unknown-browser';\n        const isMobile = /ios|android/i.test(os) || /safari/i.test(browserName) || /chrome/i.test(browserName);\n\n        let status = 'passed';\n        let title = 'N/A';\n        let screenshotName = 'N/A';\n        let softFailNote = '';\n\n        try {\n            await browser.url('https://www.onlinebanking.bdo.com.ph/');\n\n            // 1️⃣ DOM + URL ready (soft-fail for mobile)\n            try {\n                await browser.waitUntil(\n                    async () => {\n                        const readyState = await browser.execute(() => document.readyState);\n                        const currentUrl = await browser.getUrl();\n                        return readyState === 'complete' && currentUrl.includes('bdo.com.ph');\n                    },\n                    { timeout: isMobile ? 90000 : 45000 }\n                );\n            } catch (domErr) {\n                if (isMobile) {\n                    softFailNote += '⚠ Mobile DOM may not be fully rendered; continuing as soft-fail<br/>';\n                } else {\n                    throw domErr;\n                }\n            }\n\n            // 2️⃣ Detect BLOCKED / SECURITY pages\n            const pageContent = await browser.execute(() => document.body.innerText.toLowerCase());\n            if (\n                pageContent.includes('access denied') ||\n                pageContent.includes('security check') ||\n                pageContent.includes('unusual activity') ||\n                pageContent.includes('verify you are human')\n            ) {\n                throw new Error('Blocked / security page detected');\n            }\n\n            // 3️⃣ Detect MAINTENANCE page\n            if (\n                pageContent.includes('maintenance') ||\n                pageContent.includes('temporarily unavailable') ||\n                pageContent.includes('we’ll be back soon')\n            ) {\n                throw new Error('Maintenance page detected');\n            }\n\n            // 4️⃣ Network idle approximation\n            await browser.execute(() => {\n                window.__lastNetworkActivity = Date.now();\n                const origFetch = window.fetch;\n                window.fetch = function () {\n                    window.__lastNetworkActivity = Date.now();\n                    return origFetch.apply(this, arguments);\n                };\n                const origXhrOpen = XMLHttpRequest.prototype.open;\n                XMLHttpRequest.prototype.open = function () {\n                    this.addEventListener('loadend', () => {\n                        window.__lastNetworkActivity = Date.now();\n                    });\n                    origXhrOpen.apply(this, arguments);\n                };\n            });\n\n            try {\n                await browser.waitUntil(\n                    async () => {\n                        const last = await browser.execute(() => window.__lastNetworkActivity);\n                        return Date.now() - last > 3000; // 3s network idle\n                    },\n                    { timeout: 45000 }\n                );\n            } catch (netErr) {\n                softFailNote += '⚠ Network idle not reached; continuing as soft-fail<br/>';\n            }\n\n            // 5️⃣ Spinner wait (SOFT-FAIL for all mobile)\n            try {\n                await browser.waitUntil(\n                    async () => {\n                        return await browser.execute(() => {\n                            const spinners = document.querySelectorAll(\n                                '[class*=\"spinner\"], [class*=\"loading\"], [aria-busy=\"true\"]'\n                            );\n                            return Array.from(spinners).every(el => {\n                                const style = window.getComputedStyle(el);\n                                return style.display === 'none' || style.visibility === 'hidden';\n                            });\n                        });\n                    },\n                    { timeout: 90000 } // extend to 90s for slow devices\n                );\n            } catch (spinnerErr) {\n                softFailNote += '⚠ Spinner still visible (soft-fail)<br/>';\n            }\n\n            // 6️⃣ Capture title\n            title = await browser.getTitle();\n\n            // 7️⃣ Screenshot\n            screenshotName = `${Date.now()}-${device.replace(/\\s/g, '_')}-BDO.png`;\n            const screenshotPath = path.join(screenshotDir, screenshotName);\n            await browser.saveScreenshot(screenshotPath);\n\n        } catch (err) {\n            status = 'failed';\n            throw err;\n        } finally {\n            // Prepare HTML report row\n            if (!fs.existsSync(reportDir)) fs.mkdirSync(reportDir, { recursive: true });\n            if (!fs.existsSync(screenshotDir)) fs.mkdirSync(screenshotDir, { recursive: true });\n\n            const finalStatus =\n                status === 'passed' && softFailNote ? 'warning' : status;\n\n            const rowHtml = `<tr>\n<td>${device}</td>\n<td>${os}</td>\n<td>${browserName}</td>\n<td>${title}${softFailNote ? `<br/><small>${softFailNote}</small>` : ''}</td>\n<td class=\"${finalStatus}\">${finalStatus.toUpperCase()}</td>\n<td>${\n                screenshotName !== 'N/A'\n                    ? `<a href=\"../screenshot/${screenshotName}\" target=\"_blank\">View</a>`\n                    : 'N/A'\n            }</td>\n</tr>`;\n\n            fs.appendFileSync(reportFile, rowHtml);\n        }\n    }","test_file_path":"tests/bdo_test.js","test_location":"tests/bdo_test.js","test_scope":"BDO Online Banking - Page Load Test - should open BDO Online Banking and validate full page readiness","test_scopes":["BDO Online Banking - Page Load Test"],"test_started_at":"2025-12-27T06:47:33.110Z","automate_session_name":"BDO Online Banking - Page Load Test - should open BDO Online Banking and validate full page readiness","test_failure":null,"test_failure_reason":null,"test_failure_type":null}
[90m2025-12-27T06:47:44.934Z[39m [96mINFO[39m [97m@wdio/browserstack-service[39m runHooks: instance=[object Object] automationFrameworkState=TestFrameworkState.LOG_REPORT hookState=HookState.POST
[90m2025-12-27T06:47:44.934Z[39m [32mDEBUG[39m [97m@wdio/browserstack-service[39m onAllTestEvents: Called after all test events from cli configured module!!!
[90m2025-12-27T06:47:44.934Z[39m [96mINFO[39m [97m@wdio/browserstack-service[39m trackEvent: testFrameworkState=TestFrameworkState.TEST hookState=HookState.POST
[90m2025-12-27T06:47:44.934Z[39m [96mINFO[39m [97m@wdio/browserstack-service[39m trackEvent: testFrameworkState=TestFrameworkState.TEST; hookState=HookState.POST; args=[object Object]
[90m2025-12-27T06:47:44.934Z[39m [96mINFO[39m [97m@wdio/browserstack-service[39m resolveInstance: resolving instance for testFrameworkState=TestFrameworkState.TEST hookState=HookState.POST
[90m2025-12-27T06:47:44.934Z[39m [96mINFO[39m [97m@wdio/browserstack-service[39m Hook List in Post [{"key":"TestFrameworkState.TEST","hook_id":"","hook_result":"pending","event_started_at":"2025-12-27T06:47:33.117Z","hook_logs":[],"hook_name":"should open BDO Online Banking and validate full page readiness","test_file_path":"tests/bdo_test.js","test_location":"tests/bdo_test.js"}]
[90m2025-12-27T06:47:44.934Z[39m [96mINFO[39m [97m@wdio/browserstack-service[39m trackHookEvents: hook state=TestFrameworkState.TEST.HookState.POST, hooks started={}, hooks finished={}
[90m2025-12-27T06:47:44.934Z[39m [32mDEBUG[39m [97m@wdio/browserstack-service[39m trackEvent: tracked instance data={"test_framework_name":"WebdriverIO-mocha","test_framework_version":"9.21.0","test_logs":[],"test_hooks_finished":{},"test_hooks_started":{},"test_uuid":"b219717c-2498-4c41-9a1f-740588d1f859","test_result":"passed","test_hook_last_started":"TestFrameworkState.TEST","test_id":"BDO Online Banking - Page Load Test - should open BDO Online Banking and validate full page readiness","test_name":"should open BDO Online Banking and validate full page readiness","test_code":"async function () {\n        const caps = browser.capabilities;\n        const device = caps.deviceName || caps.browserName || 'unknown-device';\n        const os = caps.os || caps.platformName || 'unknown-os';\n        const browserName = caps.browserName || 'unknown-browser';\n        const isMobile = /ios|android/i.test(os) || /safari/i.test(browserName) || /chrome/i.test(browserName);\n\n        let status = 'passed';\n        let title = 'N/A';\n        let screenshotName = 'N/A';\n        let softFailNote = '';\n\n        try {\n            await browser.url('https://www.onlinebanking.bdo.com.ph/');\n\n            // 1️⃣ DOM + URL ready (soft-fail for mobile)\n            try {\n                await browser.waitUntil(\n                    async () => {\n                        const readyState = await browser.execute(() => document.readyState);\n                        const currentUrl = await browser.getUrl();\n                        return readyState === 'complete' && currentUrl.includes('bdo.com.ph');\n                    },\n                    { timeout: isMobile ? 90000 : 45000 }\n                );\n            } catch (domErr) {\n                if (isMobile) {\n                    softFailNote += '⚠ Mobile DOM may not be fully rendered; continuing as soft-fail<br/>';\n                } else {\n                    throw domErr;\n                }\n            }\n\n            // 2️⃣ Detect BLOCKED / SECURITY pages\n            const pageContent = await browser.execute(() => document.body.innerText.toLowerCase());\n            if (\n                pageContent.includes('access denied') ||\n                pageContent.includes('security check') ||\n                pageContent.includes('unusual activity') ||\n                pageContent.includes('verify you are human')\n            ) {\n                throw new Error('Blocked / security page detected');\n            }\n\n            // 3️⃣ Detect MAINTENANCE page\n            if (\n                pageContent.includes('maintenance') ||\n                pageContent.includes('temporarily unavailable') ||\n                pageContent.includes('we’ll be back soon')\n            ) {\n                throw new Error('Maintenance page detected');\n            }\n\n            // 4️⃣ Network idle approximation\n            await browser.execute(() => {\n                window.__lastNetworkActivity = Date.now();\n                const origFetch = window.fetch;\n                window.fetch = function () {\n                    window.__lastNetworkActivity = Date.now();\n                    return origFetch.apply(this, arguments);\n                };\n                const origXhrOpen = XMLHttpRequest.prototype.open;\n                XMLHttpRequest.prototype.open = function () {\n                    this.addEventListener('loadend', () => {\n                        window.__lastNetworkActivity = Date.now();\n                    });\n                    origXhrOpen.apply(this, arguments);\n                };\n            });\n\n            try {\n                await browser.waitUntil(\n                    async () => {\n                        const last = await browser.execute(() => window.__lastNetworkActivity);\n                        return Date.now() - last > 3000; // 3s network idle\n                    },\n                    { timeout: 45000 }\n                );\n            } catch (netErr) {\n                softFailNote += '⚠ Network idle not reached; continuing as soft-fail<br/>';\n            }\n\n            // 5️⃣ Spinner wait (SOFT-FAIL for all mobile)\n            try {\n                await browser.waitUntil(\n                    async () => {\n                        return await browser.execute(() => {\n                            const spinners = document.querySelectorAll(\n                                '[class*=\"spinner\"], [class*=\"loading\"], [aria-busy=\"true\"]'\n                            );\n                            return Array.from(spinners).every(el => {\n                                const style = window.getComputedStyle(el);\n                                return style.display === 'none' || style.visibility === 'hidden';\n                            });\n                        });\n                    },\n                    { timeout: 90000 } // extend to 90s for slow devices\n                );\n            } catch (spinnerErr) {\n                softFailNote += '⚠ Spinner still visible (soft-fail)<br/>';\n            }\n\n            // 6️⃣ Capture title\n            title = await browser.getTitle();\n\n            // 7️⃣ Screenshot\n            screenshotName = `${Date.now()}-${device.replace(/\\s/g, '_')}-BDO.png`;\n            const screenshotPath = path.join(screenshotDir, screenshotName);\n            await browser.saveScreenshot(screenshotPath);\n\n        } catch (err) {\n            status = 'failed';\n            throw err;\n        } finally {\n            // Prepare HTML report row\n            if (!fs.existsSync(reportDir)) fs.mkdirSync(reportDir, { recursive: true });\n            if (!fs.existsSync(screenshotDir)) fs.mkdirSync(screenshotDir, { recursive: true });\n\n            const finalStatus =\n                status === 'passed' && softFailNote ? 'warning' : status;\n\n            const rowHtml = `<tr>\n<td>${device}</td>\n<td>${os}</td>\n<td>${browserName}</td>\n<td>${title}${softFailNote ? `<br/><small>${softFailNote}</small>` : ''}</td>\n<td class=\"${finalStatus}\">${finalStatus.toUpperCase()}</td>\n<td>${\n                screenshotName !== 'N/A'\n                    ? `<a href=\"../screenshot/${screenshotName}\" target=\"_blank\">View</a>`\n                    : 'N/A'\n            }</td>\n</tr>`;\n\n            fs.appendFileSync(reportFile, rowHtml);\n        }\n    }","test_file_path":"tests/bdo_test.js","test_location":"tests/bdo_test.js","test_scope":"BDO Online Banking - Page Load Test - should open BDO Online Banking and validate full page readiness","test_scopes":["BDO Online Banking - Page Load Test"],"test_started_at":"2025-12-27T06:47:33.110Z","automate_session_name":"BDO Online Banking - Page Load Test - should open BDO Online Banking and validate full page readiness","test_failure":null,"test_failure_reason":null,"test_failure_type":null,"test_ended_at":"2025-12-27T06:47:44.934Z","test_hook_last_finished":"TestFrameworkState.TEST"}
[90m2025-12-27T06:47:44.934Z[39m [96mINFO[39m [97m@wdio/browserstack-service[39m runHooks: instance=[object Object] automationFrameworkState=TestFrameworkState.TEST hookState=HookState.POST
[90m2025-12-27T06:47:44.934Z[39m [32mDEBUG[39m [97m@wdio/browserstack-service[39m onAfterTest: inside automate module after test hook!
[90m2025-12-27T06:47:44.934Z[39m [32mDEBUG[39m [97m@wdio/browserstack-service[39m getTrackedInstance: 28743:0
[90m2025-12-27T06:47:44.935Z[39m [32mDEBUG[39m [97m@wdio/browserstack-service[39m onAllTestEvents: Called after all test events from cli configured module!!!
[90m2025-12-27T06:47:44.936Z[39m [96mINFO[39m [97m@wdio/browserstack-service[39m onAllTestEvents: dropping due to lack of results
[90m2025-12-27T06:47:44.936Z[39m [32mDEBUG[39m [97m@wdio/browserstack-service[39m sendTestFrameworkEvent for testState: TEST hookState: POST
[90m2025-12-27T06:47:44.936Z[39m [32mDEBUG[39m [97m@wdio/browserstack-service[39m sendTestFrameworkEvent payload: {"platformIndex":1,"testFrameworkName":"WebdriverIO-mocha","testFrameworkVersion":"9.21.0","testFrameworkState":"TEST","testHookState":"POST","startedAt":"2025-12-27T06:47:33.110Z","endedAt":"2025-12-27T06:47:44.934Z","uuid":"b219717c-2498-4c41-9a1f-740588d1f859","eventJson":{"type":"Buffer","data":[123,34,116,101,115,116,95,102,114,97,109,101,119,111,114,107,95,110,97,109,101,34,58,34,87,101,98,100,114,105,118,101,114,73,79,45,109,111,99,104,97,34,44,34,116,101,115,116,95,102,114,97,109,101,119,111,114,107,95,118,101,114,115,105,111,110,34,58,34,57,46,50,49,46,48,34,44,34,116,101,115,116,95,108,111,103,115,34,58,91,93,44,34,116,101,115,116,95,104,111,111,107,115,95,102,105,110,105,115,104,101,100,34,58,123,125,44,34,116,101,115,116,95,104,111,111,107,115,95,115,116,97,114,116,101,100,34,58,123,125,44,34,116,101,115,116,95,117,117,105,100,34,58,34,98,50,49,57,55,49,55,99,45,50,52,57,56,45,52,99,52,49,45,57,97,49,102,45,55,52,48,53,56,56,100,49,102,56,53,57,34,44,34,116,101,115,116,95,114,101,115,117,108,116,34,58,34,112,97,115,115,101,100,34,44,34,116,101,115,116,95,104,111,111,107,95,108,97,115,116,95,115,116,97,114,116,101,100,34,58,34,84,101,115,116,70,114,97,109,101,119,111,114,107,83,116,97,116,101,46,84,69,83,84,34,44,34,116,101,115,116,95,105,100,34,58,34,66,68,79,32,79,110,108,105,110,101,32,66,97,110,107,105,110,103,32,45,32,80,97,103,101,32,76,111,97,100,32,84,101,115,116,32,45,32,115,104,111,117,108,100,32,111,112,101,110,32,66,68,79,32,79,110,108,105,110,101,32,66,97,110,107,105,110,103,32,97,110,100,32,118,97,108,105,100,97,116,101,32,102,117,108,108,32,112,97,103,101,32,114,101,97,100,105,110,101,115,115,34,44,34,116,101,115,116,95,110,97,109,101,34,58,34,115,104,111,117,108,100,32,111,112,101,110,32,66,68,79,32,79,110,108,105,110,101,32,66,97,110,107,105,110,103,32,97,110,100,32,118,97,108,105,100,97,116,101,32,102,117,108,108,32,112,97,103,101,32,114,101,97,100,105,110,101,115,115,34,44,34,116,101,115,116,95,99,111,100,101,34,58,34,97,115,121,110,99,32,102,117,110,99,116,105,111,110,32,40,41,32,123,92,110,32,32,32,32,32,32,32,32,99,111,110,115,116,32,99,97,112,115,32,61,32,98,114,111,119,115,101,114,46,99,97,112,97,98,105,108,105,116,105,101,115,59,92,110,32,32,32,32,32,32,32,32,99,111,110,115,116,32,100,101,118,105,99,101,32,61,32,99,97,112,115,46,100,101,118,105,99,101,78,97,109,101,32,124,124,32,99,97,112,115,46,98,114,111,119,115,101,114,78,97,109,101,32,124,124,32,39,117,110,107,110,111,119,110,45,100,101,118,105,99,101,39,59,92,110,32,32,32,32,32,32,32,32,99,111,110,115,116,32,111,115,32,61,32,99,97,112,115,46,111,115,32,124,124,32,99,97,112,115,46,112,108,97,116,102,111,114,109,78,97,109,101,32,124,124,32,39,117,110,107,110,111,119,110,45,111,115,39,59,92,110,32,32,32,32,32,32,32,32,99,111,110,115,116,32,98,114,111,119,115,101,114,78,97,109,101,32,61,32,99,97,112,115,46,98,114,111,119,115,101,114,78,97,109,101,32,124,124,32,39,117,110,107,110,111,119,110,45,98,114,111,119,115,101,114,39,59,92,110,32,32,32,32,32,32,32,32,99,111,110,115,116,32,105,115,77,111,98,105,108,101,32,61,32,47,105,111,115,124,97,110,100,114,111,105,100,47,105,46,116,101,115,116,40,111,115,41,32,124,124,32,47,115,97,102,97,114,105,47,105,46,116,101,115,116,40,98,114,111,119,115,101,114,78,97,109,101,41,32,124,124,32,47,99,104,114,111,109,101,47,105,46,116,101,115,116,40,98,114,111,119,115,101,114,78,97,109,101,41,59,92,110,92,110,32,32,32,32,32,32,32,32,108,101,116,32,115,116,97,116,117,115,32,61,32,39,112,97,115,115,101,100,39,59,92,110,32,32,32,32,32,32,32,32,108,101,116,32,116,105,116,108,101,32,61,32,39,78,47,65,39,59,92,110,32,32,32,32,32,32,32,32,108,101,116,32,115,99,114,101,101,110,115,104,111,116,78,97,109,101,32,61,32,39,78,47,65,39,59,92,110,32,32,32,32,32,32,32,32,108,101,116,32,115,111,102,116,70,97,105,108,78,111,116,101,32,61,32,39,39,59,92,110,92,110,32,32,32,32,32,32,32,32,116,114,121,32,123,92,110,32,32,32,32,32,32,32,32,32,32,32,32,97,119,97,105,116,32,98,114,111,119,115,101,114,46,117,114,108,40,39,104,116,116,112,115,58,47,47,119,119,119,46,111,110,108,105,110,101,98,97,110,107,105,110,103,46,98,100,111,46,99,111,109,46,112,104,47,39,41,59,92,110,92,110,32,32,32,32,32,32,32,32,32,32,32,32,47,47,32,49,239,184,143,226,131,163,32,68,79,77,32,43,32,85,82,76,32,114,101,97,100,121,32,40,115,111,102,116,45,102,97,105,108,32,102,111,114,32,109,111,98,105,108,101,41,92,110,32,32,32,32,32,32,32,32,32,32,32,32,116,114,121,32,123,92,110,32,32,32,32,32,32,32,32,32,32,32,32,32,32,32,32,97,119,97,105,116,32,98,114,111,119,115,101,114,46,119,97,105,116,85,110,116,105,108,40,92,110,32,32,32,32,32,32,32,32,32,32,32,32,32,32,32,32,32,32,32,32,97,115,121,110,99,32,40,41,32,61,62,32,123,92,110,32,32,32,32,32,32,32,32,32,32,32,32,32,32,32,32,32,32,32,32,32,32,32,32,99,111,110,115,116,32,114,101,97,100,121,83,116,97,116,101,32,61,32,97,119,97,105,116,32,98,114,111,119,115,101,114,46,101,120,101,99,117,116,101,40,40,41,32,61,62,32,100,111,99,117,109,101,110,116,46,114,101,97,100,121,83,116,97,116,101,41,59,92,110,32,32,32,32,32,32,32,32,32,32,32,32,32,32,32,32,32,32,32,32,32,32,32,32,99,111,110,115,116,32,99,117,114,114,101,110,116,85,114,108,32,61,32,97,119,97,105,116,32,98,114,111,119,115,101,114,46,103,101,116,85,114,108,40,41,59,92,110,32,32,32,32,32,32,32,32,32,32,32,32,32,32,32,32,32,32,32,32,32,32,32,32,114,101,116,117,114,110,32,114,101,97,100,121,83,116,97,116,101,32,61,61,61,32,39,99,111,109,112,108,101,116,101,39,32,38,38,32,99,117,114,114,101,110,116,85,114,108,46,105,110,99,108,117,100,101,115,40,39,98,100,111,46,99,111,109,46,112,104,39,41,59,92,110,32,32,32,32,32,32,32,32,32,32,32,32,32,32,32,32,32,32,32,32,125,44,92,110,32,32,32,32,32,32,32,32,32,32,32,32,32,32,32,32,32,32,32,32,123,32,116,105,109,101,111,117,116,58,32,105,115,77,111,98,105,108,101,32,63,32,57,48,48,48,48,32,58,32,52,53,48,48,48,32,125,92,110,32,32,32,32,32,32,32,32,32,32,32,32,32,32,32,32,41,59,92,110,32,32,32,32,32,32,32,32,32,32,32,32,125,32,99,97,116,99,104,32,40,100,111,109,69,114,114,41,32,123,92,110,32,32,32,32,32,32,32,32,32,32,32,32,32,32,32,32,105,102,32,40,105,115,77,111,98,105,108,101,41,32,123,92,110,32,32,32,32,32,32,32,32,32,32,32,32,32,32,32,32,32,32,32,32,115,111,102,116,70,97,105,108,78,111,116,101,32,43,61,32,39,226,154,160,32,77,111,98,105,108,101,32,68,79,77,32,109,97,121,32,110,111,116,32,98,101,32,102,117,108,108,121,32,114,101,110,100,101,114,101,100,59,32,99,111,110,116,105,110,117,105,110,103,32,97,115,32,115,111,102,116,45,102,97,105,108,60,98,114,47,62,39,59,92,110,32,32,32,32,32,32,32,32,32,32,32,32,32,32,32,32,125,32,101,108,115,101,32,123,92,110,32,32,32,32,32,32,32,32,32,32,32,32,32,32,32,32,32,32,32,32,116,104,114,111,119,32,100,111,109,69,114,114,59,92,110,32,32,32,32,32,32,32,32,32,32,32,32,32,32,32,32,125,92,110,32,32,32,32,32,32,32,32,32,32,32,32,125,92,110,92,110,32,32,32,32,32,32,32,32,32,32,32,32,47,47,32,50,239,184,143,226,131,163,32,68,101,116,101,99,116,32,66,76,79,67,75,69,68,32,47,32,83,69,67,85,82,73,84,89,32,112,97,103,101,115,92,110,32,32,32,32,32,32,32,32,32,32,32,32,99,111,110,115,116,32,112,97,103,101,67,111,110,116,101,110,116,32,61,32,97,119,97,105,116,32,98,114,111,119,115,101,114,46,101,120,101,99,117,116,101,40,40,41,32,61,62,32,100,111,99,117,109,101,110,116,46,98,111,100,121,46,105,110,110,101,114,84,101,120,116,46,116,111,76,111,119,101,114,67,97,115,101,40,41,41,59,92,110,32,32,32,32,32,32,32,32,32,32,32,32,105,102,32,40,92,110,32,32,32,32,32,32,32,32,32,32,32,32,32,32,32,32,112,97,103,101,67,111,110,116,101,110,116,46,105,110,99,108,117,100,101,115,40,39,97,99,99,101,115,115,32,100,101,110,105,101,100,39,41,32,124,124,92,110,32,32,32,32,32,32,32,32,32,32,32,32,32,32,32,32,112,97,103,101,67,111,110,116,101,110,116,46,105,110,99,108,117,100,101,115,40,39,115,101,99,117,114,105,116,121,32,99,104,101,99,107,39,41,32,124,124,92,110,32,32,32,32,32,32,32,32,32,32,32,32,32,32,32,32,112,97,103,101,67,111,110,116,101,110,116,46,105,110,99,108,117,100,101,115,40,39,117,110,117,115,117,97,108,32,97,99,116,105,118,105,116,121,39,41,32,124,124,92,110,32,32,32,32,32,32,32,32,32,32,32,32,32,32,32,32,112,97,103,101,67,111,110,116,101,110,116,46,105,110,99,108,117,100,101,115,40,39,118,101,114,105,102,121,32,121,111,117,32,97,114,101,32,104,117,109,97,110,39,41,92,110,32,32,32,32,32,32,32,32,32,32,32,32,41,32,123,92,110,32,32,32,32,32,32,32,32,32,32,32,32,32,32,32,32,116,104,114,111,119,32,110,101,119,32,69,114,114,111,114,40,39,66,108,111,99,107,101,100,32,47,32,115,101,99,117,114,105,116,121,32,112,97,103,101,32,100,101,116,101,99,116,101,100,39,41,59,92,110,32,32,32,32,32,32,32,32,32,32,32,32,125,92,110,92,110,32,32,32,32,32,32,32,32,32,32,32,32,47,47,32,51,239,184,143,226,131,163,32,68,101,116,101,99,116,32,77,65,73,78,84,69,78,65,78,67,69,32,112,97,103,101,92,110,32,32,32,32,32,32,32,32,32,32,32,32,105,102,32,40,92,110,32,32,32,32,32,32,32,32,32,32,32,32,32,32,32,32,112,97,103,101,67,111,110,116,101,110,116,46,105,110,99,108,117,100,101,115,40,39,109,97,105,110,116,101,110,97,110,99,101,39,41,32,124,124,92,110,32,32,32,32,32,32,32,32,32,32,32,32,32,32,32,32,112,97,103,101,67,111,110,116,101,110,116,46,105,110,99,108,117,100,101,115,40,39,116,101,109,112,111,114,97,114,105,108,121,32,117,110,97,118,97,105,108,97,98,108,101,39,41,32,124,124,92,110,32,32,32,32,32,32,32,32,32,32,32,32,32,32,32,32,112,97,103,101,67,111,110,116,101,110,116,46,105,110,99,108,117,100,101,115,40,39,119,101,226,128,153,108,108,32,98,101,32,98,97,99,107,32,115,111,111,110,39,41,92,110,32,32,32,32,32,32,32,32,32,32,32,32,41,32,123,92,110,32,32,32,32,32,32,32,32,32,32,32,32,32,32,32,32,116,104,114,111,119,32,110,101,119,32,69,114,114,111,114,40,39,77,97,105,110,116,101,110,97,110,99,101,32,112,97,103,101,32,100,101,116,101,99,116,101,100,39,41,59,92,110,32,32,32,32,32,32,32,32,32,32,32,32,125,92,110,92,110,32,32,32,32,32,32,32,32,32,32,32,32,47,47,32,52,239,184,143,226,131,163,32,78,101,116,119,111,114,107,32,105,100,108,101,32,97,112,112,114,111,120,105,109,97,116,105,111,110,92,110,32,32,32,32,32,32,32,32,32,32,32,32,97,119,97,105,116,32,98,114,111,119,115,101,114,46,101,120,101,99,117,116,101,40,40,41,32,61,62,32,123,92,110,32,32,32,32,32,32,32,32,32,32,32,32,32,32,32,32,119,105,110,100,111,119,46,95,95,108,97,115,116,78,101,116,119,111,114,107,65,99,116,105,118,105,116,121,32,61,32,68,97,116,101,46,110,111,119,40,41,59,92,110,32,32,32,32,32,32,32,32,32,32,32,32,32,32,32,32,99,111,110,115,116,32,111,114,105,103,70,101,116,99,104,32,61,32,119,105,110,100,111,119,46,102,101,116,99,104,59,92,110,32,32,32,32,32,32,32,32,32,32,32,32,32,32,32,32,119,105,110,100,111,119,46,102,101,116,99,104,32,61,32,102,117,110,99,116,105,111,110,32,40,41,32,123,92,110,32,32,32,32,32,32,32,32,32,32,32,32,32,32,32,32,32,32,32,32,119,105,110,100,111,119,46,95,95,108,97,115,116,78,101,116,119,111,114,107,65,99,116,105,118,105,116,121,32,61,32,68,97,116,101,46,110,111,119,40,41,59,92,110,32,32,32,32,32,32,32,32,32,32,32,32,32,32,32,32,32,32,32,32,114,101,116,117,114,110,32,111,114,105,103,70,101,116,99,104,46,97,112,112,108,121,40,116,104,105,115,44,32,97,114,103,117,109,101,110,116,115,41,59,92,110,32,32,32,32,32,32,32,32,32,32,32,32,32,32,32,32,125,59,92,110,32,32,32,32,32,32,32,32,32,32,32,32,32,32,32,32,99,111,110,115,116,32,111,114,105,103,88,104,114,79,112,101,110,32,61,32,88,77,76,72,116,116,112,82,101,113,117,101,115,116,46,112,114,111,116,111,116,121,112,101,46,111,112,101,110,59,92,110,32,32,32,32,32,32,32,32,32,32,32,32,32,32,32,32,88,77,76,72,116,116,112,82,101,113,117,101,115,116,46,112,114,111,116,111,116,121,112,101,46,111,112,101,110,32,61,32,102,117,110,99,116,105,111,110,32,40,41,32,123,92,110,32,32,32,32,32,32,32,32,32,32,32,32,32,32,32,32,32,32,32,32,116,104,105,115,46,97,100,100,69,118,101,110,116,76,105,115,116,101,110,101,114,40,39,108,111,97,100,101,110,100,39,44,32,40,41,32,61,62,32,123,92,110,32,32,32,32,32,32,32,32,32,32,32,32,32,32,32,32,32,32,32,32,32,32,32,32,119,105,110,100,111,119,46,95,95,108,97,115,116,78,101,116,119,111,114,107,65,99,116,105,118,105,116,121,32,61,32,68,97,116,101,46,110,111,119,40,41,59,92,110,32,32,32,32,32,32,32,32,32,32,32,32,32,32,32,32,32,32,32,32,125,41,59,92,110,32,32,32,32,32,32,32,32,32,32,32,32,32,32,32,32,32,32,32,32,111,114,105,103,88,104,114,79,112,101,110,46,97,112,112,108,121,40,116,104,105,115,44,32,97,114,103,117,109,101,110,116,115,41,59,92,110,32,32,32,32,32,32,32,32,32,32,32,32,32,32,32,32,125,59,92,110,32,32,32,32,32,32,32,32,32,32,32,32,125,41,59,92,110,92,110,32,32,32,32,32,32,32,32,32,32,32,32,116,114,121,32,123,92,110,32,32,32,32,32,32,32,32,32,32,32,32,32,32,32,32,97,119,97,105,116,32,98,114,111,119,115,101,114,46,119,97,105,116,85,110,116,105,108,40,92,110,32,32,32,32,32,32,32,32,32,32,32,32,32,32,32,32,32,32,32,32,97,115,121,110,99,32,40,41,32,61,62,32,123,92,110,32,32,32,32,32,32,32,32,32,32,32,32,32,32,32,32,32,32,32,32,32,32,32,32,99,111,110,115,116,32,108,97,115,116,32,61,32,97,119,97,105,116,32,98,114,111,119,115,101,114,46,101,120,101,99,117,116,101,40,40,41,32,61,62,32,119,105,110,100,111,119,46,95,95,108,97,115,116,78,101,116,119,111,114,107,65,99,116,105,118,105,116,121,41,59,92,110,32,32,32,32,32,32,32,32,32,32,32,32,32,32,32,32,32,32,32,32,32,32,32,32,114,101,116,117,114,110,32,68,97,116,101,46,110,111,119,40,41,32,45,32,108,97,115,116,32,62,32,51,48,48,48,59,32,47,47,32,51,115,32,110,101,116,119,111,114,107,32,105,100,108,101,92,110,32,32,32,32,32,32,32,32,32,32,32,32,32,32,32,32,32,32,32,32,125,44,92,110,32,32,32,32,32,32,32,32,32,32,32,32,32,32,32,32,32,32,32,32,123,32,116,105,109,101,111,117,116,58,32,52,53,48,48,48,32,125,92,110,32,32,32,32,32,32,32,32,32,32,32,32,32,32,32,32,41,59,92,110,32,32,32,32,32,32,32,32,32,32,32,32,125,32,99,97,116,99,104,32,40,110,101,116,69,114,114,41,32,123,92,110,32,32,32,32,32,32,32,32,32,32,32,32,32,32,32,32,115,111,102,116,70,97,105,108,78,111,116,101,32,43,61,32,39,226,154,160,32,78,101,116,119,111,114,107,32,105,100,108,101,32,110,111,116,32,114,101,97,99,104,101,100,59,32,99,111,110,116,105,110,117,105,110,103,32,97,115,32,115,111,102,116,45,102,97,105,108,60,98,114,47,62,39,59,92,110,32,32,32,32,32,32,32,32,32,32,32,32,125,92,110,92,110,32,32,32,32,32,32,32,32,32,32,32,32,47,47,32,53,239,184,143,226,131,163,32,83,112,105,110,110,101,114,32,119,97,105,116,32,40,83,79,70,84,45,70,65,73,76,32,102,111,114,32,97,108,108,32,109,111,98,105,108,101,41,92,110,32,32,32,32,32,32,32,32,32,32,32,32,116,114,121,32,123,92,110,32,32,32,32,32,32,32,32,32,32,32,32,32,32,32,32,97,119,97,105,116,32,98,114,111,119,115,101,114,46,119,97,105,116,85,110,116,105,108,40,92,110,32,32,32,32,32,32,32,32,32,32,32,32,32,32,32,32,32,32,32,32,97,115,121,110,99,32,40,41,32,61,62,32,123,92,110,32,32,32,32,32,32,32,32,32,32,32,32,32,32,32,32,32,32,32,32,32,32,32,32,114,101,116,117,114,110,32,97,119,97,105,116,32,98,114,111,119,115,101,114,46,101,120,101,99,117,116,101,40,40,41,32,61,62,32,123,92,110,32,32,32,32,32,32,32,32,32,32,32,32,32,32,32,32,32,32,32,32,32,32,32,32,32,32,32,32,99,111,110,115,116,32,115,112,105,110,110,101,114,115,32,61,32,100,111,99,117,109,101,110,116,46,113,117,101,114,121,83,101,108,101,99,116,111,114,65,108,108,40,92,110,32,32,32,32,32,32,32,32,32,32,32,32,32,32,32,32,32,32,32,32,32,32,32,32,32,32,32,32,32,32,32,32,39,91,99,108,97,115,115,42,61,92,34,115,112,105,110,110,101,114,92,34,93,44,32,91,99,108,97,115,115,42,61,92,34,108,111,97,100,105,110,103,92,34,93,44,32,91,97,114,105,97,45,98,117,115,121,61,92,34,116,114,117,101,92,34,93,39,92,110,32,32,32,32,32,32,32,32,32,32,32,32,32,32,32,32,32,32,32,32,32,32,32,32,32,32,32,32,41,59,92,110,32,32,32,32,32,32,32,32,32,32,32,32,32,32,32,32,32,32,32,32,32,32,32,32,32,32,32,32,114,101,116,117,114,110,32,65,114,114,97,121,46,102,114,111,109,40,115,112,105,110,110,101,114,115,41,46,101,118,101,114,121,40,101,108,32,61,62,32,123,92,110,32,32,32,32,32,32,32,32,32,32,32,32,32,32,32,32,32,32,32,32,32,32,32,32,32,32,32,32,32,32,32,32,99,111,110,115,116,32,115,116,121,108,101,32,61,32,119,105,110,100,111,119,46,103,101,116,67,111,109,112,117,116,101,100,83,116,121,108,101,40,101,108,41,59,92,110,32,32,32,32,32,32,32,32,32,32,32,32,32,32,32,32,32,32,32,32,32,32,32,32,32,32,32,32,32,32,32,32,114,101,116,117,114,110,32,115,116,121,108,101,46,100,105,115,112,108,97,121,32,61,61,61,32,39,110,111,110,101,39,32,124,124,32,115,116,121,108,101,46,118,105,115,105,98,105,108,105,116,121,32,61,61,61,32,39,104,105,100,100,101,110,39,59,92,110,32,32,32,32,32,32,32,32,32,32,32,32,32,32,32,32,32,32,32,32,32,32,32,32,32,32,32,32,125,41,59,92,110,32,32,32,32,32,32,32,32,32,32,32,32,32,32,32,32,32,32,32,32,32,32,32,32,125,41,59,92,110,32,32,32,32,32,32,32,32,32,32,32,32,32,32,32,32,32,32,32,32,125,44,92,110,32,32,32,32,32,32,32,32,32,32,32,32,32,32,32,32,32,32,32,32,123,32,116,105,109,101,111,117,116,58,32,57,48,48,48,48,32,125,32,47,47,32,101,120,116,101,110,100,32,116,111,32,57,48,115,32,102,111,114,32,115,108,111,119,32,100,101,118,105,99,101,115,92,110,32,32,32,32,32,32,32,32,32,32,32,32,32,32,32,32,41,59,92,110,32,32,32,32,32,32,32,32,32,32,32,32,125,32,99,97,116,99,104,32,40,115,112,105,110,110,101,114,69,114,114,41,32,123,92,110,32,32,32,32,32,32,32,32,32,32,32,32,32,32,32,32,115,111,102,116,70,97,105,108,78,111,116,101,32,43,61,32,39,226,154,160,32,83,112,105,110,110,101,114,32,115,116,105,108,108,32,118,105,115,105,98,108,101,32,40,115,111,102,116,45,102,97,105,108,41,60,98,114,47,62,39,59,92,110,32,32,32,32,32,32,32,32,32,32,32,32,125,92,110,92,110,32,32,32,32,32,32,32,32,32,32,32,32,47,47,32,54,239,184,143,226,131,163,32,67,97,112,116,117,114,101,32,116,105,116,108,101,92,110,32,32,32,32,32,32,32,32,32,32,32,32,116,105,116,108,101,32,61,32,97,119,97,105,116,32,98,114,111,119,115,101,114,46,103,101,116,84,105,116,108,101,40,41,59,92,110,92,110,32,32,32,32,32,32,32,32,32,32,32,32,47,47,32,55,239,184,143,226,131,163,32,83,99,114,101,101,110,115,104,111,116,92,110,32,32,32,32,32,32,32,32,32,32,32,32,115,99,114,101,101,110,115,104,111,116,78,97,109,101,32,61,32,96,36,123,68,97,116,101,46,110,111,119,40,41,125,45,36,123,100,101,118,105,99,101,46,114,101,112,108,97,99,101,40,47,92,92,115,47,103,44,32,39,95,39,41,125,45,66,68,79,46,112,110,103,96,59,92,110,32,32,32,32,32,32,32,32,32,32,32,32,99,111,110,115,116,32,115,99,114,101,101,110,115,104,111,116,80,97,116,104,32,61,32,112,97,116,104,46,106,111,105,110,40,115,99,114,101,101,110,115,104,111,116,68,105,114,44,32,115,99,114,101,101,110,115,104,111,116,78,97,109,101,41,59,92,110,32,32,32,32,32,32,32,32,32,32,32,32,97,119,97,105,116,32,98,114,111,119,115,101,114,46,115,97,118,101,83,99,114,101,101,110,115,104,111,116,40,115,99,114,101,101,110,115,104,111,116,80,97,116,104,41,59,92,110,92,110,32,32,32,32,32,32,32,32,125,32,99,97,116,99,104,32,40,101,114,114,41,32,123,92,110,32,32,32,32,32,32,32,32,32,32,32,32,115,116,97,116,117,115,32,61,32,39,102,97,105,108,101,100,39,59,92,110,32,32,32,32,32,32,32,32,32,32,32,32,116,104,114,111,119,32,101,114,114,59,92,110,32,32,32,32,32,32,32,32,125,32,102,105,110,97,108,108,121,32,123,92,110,32,32,32,32,32,32,32,32,32,32,32,32,47,47,32,80,114,101,112,97,114,101,32,72,84,77,76,32,114,101,112,111,114,116,32,114,111,119,92,110,32,32,32,32,32,32,32,32,32,32,32,32,105,102,32,40,33,102,115,46,101,120,105,115,116,115,83,121,110,99,40,114,101,112,111,114,116,68,105,114,41,41,32,102,115,46,109,107,100,105,114,83,121,110,99,40,114,101,112,111,114,116,68,105,114,44,32,123,32,114,101,99,117,114,115,105,118,101,58,32,116,114,117,101,32,125,41,59,92,110,32,32,32,32,32,32,32,32,32,32,32,32,105,102,32,40,33,102,115,46,101,120,105,115,116,115,83,121,110,99,40,115,99,114,101,101,110,115,104,111,116,68,105,114,41,41,32,102,115,46,109,107,100,105,114,83,121,110,99,40,115,99,114,101,101,110,115,104,111,116,68,105,114,44,32,123,32,114,101,99,117,114,115,105,118,101,58,32,116,114,117,101,32,125,41,59,92,110,92,110,32,32,32,32,32,32,32,32,32,32,32,32,99,111,110,115,116,32,102,105,110,97,108,83,116,97,116,117,115,32,61,92,110,32,32,32,32,32,32,32,32,32,32,32,32,32,32,32,32,115,116,97,116,117,115,32,61,61,61,32,39,112,97,115,115,101,100,39,32,38,38,32,115,111,102,116,70,97,105,108,78,111,116,101,32,63,32,39,119,97,114,110,105,110,103,39,32,58,32,115,116,97,116,117,115,59,92,110,92,110,32,32,32,32,32,32,32,32,32,32,32,32,99,111,110,115,116,32,114,111,119,72,116,109,108,32,61,32,96,60,116,114,62,92,110,60,116,100,62,36,123,100,101,118,105,99,101,125,60,47,116,100,62,92,110,60,116,100,62,36,123,111,115,125,60,47,116,100,62,92,110,60,116,100,62,36,123,98,114,111,119,115,101,114,78,97,109,101,125,60,47,116,100,62,92,110,60,116,100,62,36,123,116,105,116,108,101,125,36,123,115,111,102,116,70,97,105,108,78,111,116,101,32,63,32,96,60,98,114,47,62,60,115,109,97,108,108,62,36,123,115,111,102,116,70,97,105,108,78,111,116,101,125,60,47,115,109,97,108,108,62,96,32,58,32,39,39,125,60,47,116,100,62,92,110,60,116,100,32,99,108,97,115,115,61,92,34,36,123,102,105,110,97,108,83,116,97,116,117,115,125,92,34,62,36,123,102,105,110,97,108,83,116,97,116,117,115,46,116,111,85,112,112,101,114,67,97,115,101,40,41,125,60,47,116,100,62,92,110,60,116,100,62,36,123,92,110,32,32,32,32,32,32,32,32,32,32,32,32,32,32,32,32,115,99,114,101,101,110,115,104,111,116,78,97,109,101,32,33,61,61,32,39,78,47,65,39,92,110,32,32,32,32,32,32,32,32,32,32,32,32,32,32,32,32,32,32,32,32,63,32,96,60,97,32,104,114,101,102,61,92,34,46,46,47,115,99,114,101,101,110,115,104,111,116,47,36,123,115,99,114,101,101,110,115,104,111,116,78,97,109,101,125,92,34,32,116,97,114,103,101,116,61,92,34,95,98,108,97,110,107,92,34,62,86,105,101,119,60,47,97,62,96,92,110,32,32,32,32,32,32,32,32,32,32,32,32,32,32,32,32,32,32,32,32,58,32,39,78,47,65,39,92,110,32,32,32,32,32,32,32,32,32,32,32,32,125,60,47,116,100,62,92,110,60,47,116,114,62,96,59,92,110,92,110,32,32,32,32,32,32,32,32,32,32,32,32,102,115,46,97,112,112,101,110,100,70,105,108,101,83,121,110,99,40,114,101,112,111,114,116,70,105,108,101,44,32,114,111,119,72,116,109,108,41,59,92,110,32,32,32,32,32,32,32,32,125,92,110,32,32,32,32,125,34,44,34,116,101,115,116,95,102,105,108,101,95,112,97,116,104,34,58,34,116,101,115,116,115,47,98,100,111,95,116,101,115,116,46,106,115,34,44,34,116,101,115,116,95,108,111,99,97,116,105,111,110,34,58,34,116,101,115,116,115,47,98,100,111,95,116,101,115,116,46,106,115,34,44,34,116,101,115,116,95,115,99,111,112,101,34,58,34,66,68,79,32,79,110,108,105,110,101,32,66,97,110,107,105,110,103,32,45,32,80,97,103,101,32,76,111,97,100,32,84,101,115,116,32,45,32,115,104,111,117,108,100,32,111,112,101,110,32,66,68,79,32,79,110,108,105,110,101,32,66,97,110,107,105,110,103,32,97,110,100,32,118,97,108,105,100,97,116,101,32,102,117,108,108,32,112,97,103,101,32,114,101,97,100,105,110,101,115,115,34,44,34,116,101,115,116,95,115,99,111,112,101,115,34,58,91,34,66,68,79,32,79,110,108,105,110,101,32,66,97,110,107,105,110,103,32,45,32,80,97,103,101,32,76,111,97,100,32,84,101,115,116,34,93,44,34,116,101,115,116,95,115,116,97,114,116,101,100,95,97,116,34,58,34,50,48,50,53,45,49,50,45,50,55,84,48,54,58,52,55,58,51,51,46,49,49,48,90,34,44,34,97,117,116,111,109,97,116,101,95,115,101,115,115,105,111,110,95,110,97,109,101,34,58,34,66,68,79,32,79,110,108,105,110,101,32,66,97,110,107,105,110,103,32,45,32,80,97,103,101,32,76,111,97,100,32,84,101,115,116,32,45,32,115,104,111,117,108,100,32,111,112,101,110,32,66,68,79,32,79,110,108,105,110,101,32,66,97,110,107,105,110,103,32,97,110,100,32,118,97,108,105,100,97,116,101,32,102,117,108,108,32,112,97,103,101,32,114,101,97,100,105,110,101,115,115,34,44,34,116,101,115,116,95,102,97,105,108,117,114,101,34,58,110,117,108,108,44,34,116,101,115,116,95,102,97,105,108,117,114,101,95,114,101,97,115,111,110,34,58,110,117,108,108,44,34,116,101,115,116,95,102,97,105,108,117,114,101,95,116,121,112,101,34,58,110,117,108,108,44,34,116,101,115,116,95,101,110,100,101,100,95,97,116,34,58,34,50,48,50,53,45,49,50,45,50,55,84,48,54,58,52,55,58,52,52,46,57,51,52,90,34,44,34,116,101,115,116,95,104,111,111,107,95,108,97,115,116,95,102,105,110,105,115,104,101,100,34,58,34,84,101,115,116,70,114,97,109,101,119,111,114,107,83,116,97,116,101,46,84,69,83,84,34,44,34,97,117,116,111,109,97,116,101,95,115,101,115,115,105,111,110,95,115,116,97,116,117,115,34,58,34,112,97,115,115,101,100,34,44,34,116,101,115,116,95,100,101,102,101,114,114,101,100,34,58,116,114,117,101,125]},"executionContext":{"hash":"54adb2cb561f4b4fc10692ba5ae0acf6b2cd4d833085da8f4effa468d5ea4382","threadId":"0","processId":"28743"}}
[90m2025-12-27T06:47:44.936Z[39m [96mINFO[39m [97m@wdio/browserstack-service[39m Sending TestFrameworkEvent
[90m2025-12-27T06:47:44.953Z[39m [96mINFO[39m [97m@wdio/browserstack-service[39m trackEvent: automationFrameworkState=AutomationFrameworkState.EXECUTE hookState=HookState.POST
[90m2025-12-27T06:47:44.953Z[39m [96mINFO[39m [97m@wdio/browserstack-service[39m trackEvent: automationFrameworkState=AutomationFrameworkState.EXECUTE hookState=HookState.POST args=[object Object]
[90m2025-12-27T06:47:44.953Z[39m [96mINFO[39m [97m@wdio/browserstack-service[39m resolveInstance: resolving instance for automationFrameworkState=AutomationFrameworkState.EXECUTE hookState=HookState.POST
[90m2025-12-27T06:47:44.956Z[39m [32mDEBUG[39m [97m@wdio/browserstack-service[39m getTrackedInstance: 28743:0
[90m2025-12-27T06:47:44.956Z[39m [96mINFO[39m [97m@wdio/browserstack-service[39m runHooks: automationFrameworkState=AutomationFrameworkState.EXECUTE hookState=HookState.POST
[90m2025-12-27T06:47:44.958Z[39m [32mDEBUG[39m [97m@wdio/browserstack-service[39m onAfterExecute: inside automate module after execute hook!
[90m2025-12-27T06:47:44.958Z[39m [96mINFO[39m [97m@wdio/browserstack-service[39m Marking session name for Automate
[90m2025-12-27T06:47:44.981Z[39m [96mINFO[39m [97m@wdio/browserstack-service[39m testFrameworkEvent successful
[90m2025-12-27T06:47:44.983Z[39m [32mDEBUG[39m [97m@wdio/browserstack-service[39m sendTestFrameworkEvent complete for testState: TEST hookState: POST
[90m2025-12-27T06:47:45.450Z[39m [32mDEBUG[39m [97m@wdio/browserstack-service[39m Session name updated: {
  automation_session: {
    name: 'BDO Online Banking - Page Load Test - should open BDO Online Banking and validate full page readiness',
    duration: null,
    os: 'ios',
    os_version: '17.5',
    browser_version: null,
    browser: 'iphone',
    device: 'iPhone 15',
    status: 'running',
    hashed_id: 'f77e975a738ff73f9cc780e9706514b54d145393',
    reason: null,
    build_name: 'codespaces-browserstack-mobile  20',
    project_name: 'Untitled Project',
    build_hashed_id: 'e53465058c01c149a38dea13d3080ebc6be325a0',
    test_priority: null
  }
}. Done for sessionId f77e975a738ff73f9cc780e9706514b54d145393
[90m2025-12-27T06:47:45.451Z[39m [96mINFO[39m [97m@wdio/browserstack-service[39m Marking session status for Automate
[90m2025-12-27T06:47:45.806Z[39m [32mDEBUG[39m [97m@wdio/browserstack-service[39m Session status updated: {
  automation_session: {
    hashed_id: 'f77e975a738ff73f9cc780e9706514b54d145393',
    name: 'BDO Online Banking - Page Load Test - should open BDO Online Banking and validate full page readiness',
    status: 'passed',
    os: 'ios',
    os_version: '17.5',
    browser: 'iphone',
    browser_version: null,
    device: 'iPhone 15',
    duration: null,
    reason: null,
    build_name: 'codespaces-browserstack-mobile  20',
    project_name: 'Untitled Project',
    build_hashed_id: 'e53465058c01c149a38dea13d3080ebc6be325a0',
    test_priority: null
  }
}. Done for sessionId f77e975a738ff73f9cc780e9706514b54d145393
[90m2025-12-27T06:47:45.807Z[39m [32mDEBUG[39m [97m@wdio/browserstack-service[39m teardown started
[90m2025-12-27T06:47:45.807Z[39m [32mDEBUG[39m [97m@wdio/browserstack-service[39m teardown ended
[90m2025-12-27T06:49:17.168Z[39m [96mINFO[39m [97m@wdio/browserstack-service[39m trackEvent: testFrameworkState=TestFrameworkState.LOG_REPORT hookState=HookState.POST
[90m2025-12-27T06:49:17.168Z[39m [96mINFO[39m [97m@wdio/browserstack-service[39m trackEvent: testFrameworkState=TestFrameworkState.LOG_REPORT; hookState=HookState.POST; args=[object Object]
[90m2025-12-27T06:49:17.168Z[39m [96mINFO[39m [97m@wdio/browserstack-service[39m resolveInstance: resolving instance for testFrameworkState=TestFrameworkState.LOG_REPORT hookState=HookState.POST
[90m2025-12-27T06:49:17.168Z[39m [96mINFO[39m [97m@wdio/browserstack-service[39m trackEvent: load test results
[90m2025-12-27T06:49:17.168Z[39m [96mINFO[39m [97m@wdio/browserstack-service[39m Hook List in Post []
[90m2025-12-27T06:49:17.168Z[39m [96mINFO[39m [97m@wdio/browserstack-service[39m trackHookEvents: hook state=TestFrameworkState.LOG_REPORT.HookState.POST, hooks started={}, hooks finished={}
[90m2025-12-27T06:49:17.169Z[39m [32mDEBUG[39m [97m@wdio/browserstack-service[39m trackEvent: tracked instance data={"test_framework_name":"WebdriverIO-mocha","test_framework_version":"9.21.0","test_logs":[],"test_hooks_finished":{},"test_hooks_started":{},"test_uuid":"9d33f0e2-de82-4881-bb18-779d1c165c56","test_result":"passed","test_hook_last_started":"TestFrameworkState.TEST","test_id":"BDO Online Banking - Page Load Test - should open BDO Online Banking and validate full page readiness","test_name":"should open BDO Online Banking and validate full page readiness","test_code":"async function () {\n        const caps = browser.capabilities;\n        const device = caps.deviceName || caps.browserName || 'unknown-device';\n        const os = caps.os || caps.platformName || 'unknown-os';\n        const browserName = caps.browserName || 'unknown-browser';\n        const isMobile = /ios|android/i.test(os) || /safari/i.test(browserName) || /chrome/i.test(browserName);\n\n        let status = 'passed';\n        let title = 'N/A';\n        let screenshotName = 'N/A';\n        let softFailNote = '';\n\n        try {\n            await browser.url('https://www.onlinebanking.bdo.com.ph/');\n\n            // 1️⃣ DOM + URL ready (soft-fail for mobile)\n            try {\n                await browser.waitUntil(\n                    async () => {\n                        const readyState = await browser.execute(() => document.readyState);\n                        const currentUrl = await browser.getUrl();\n                        return readyState === 'complete' && currentUrl.includes('bdo.com.ph');\n                    },\n                    { timeout: isMobile ? 90000 : 45000 }\n                );\n            } catch (domErr) {\n                if (isMobile) {\n                    softFailNote += '⚠ Mobile DOM may not be fully rendered; continuing as soft-fail<br/>';\n                } else {\n                    throw domErr;\n                }\n            }\n\n            // 2️⃣ Detect BLOCKED / SECURITY pages\n            const pageContent = await browser.execute(() => document.body.innerText.toLowerCase());\n            if (\n                pageContent.includes('access denied') ||\n                pageContent.includes('security check') ||\n                pageContent.includes('unusual activity') ||\n                pageContent.includes('verify you are human')\n            ) {\n                throw new Error('Blocked / security page detected');\n            }\n\n            // 3️⃣ Detect MAINTENANCE page\n            if (\n                pageContent.includes('maintenance') ||\n                pageContent.includes('temporarily unavailable') ||\n                pageContent.includes('we’ll be back soon')\n            ) {\n                throw new Error('Maintenance page detected');\n            }\n\n            // 4️⃣ Network idle approximation\n            await browser.execute(() => {\n                window.__lastNetworkActivity = Date.now();\n                const origFetch = window.fetch;\n                window.fetch = function () {\n                    window.__lastNetworkActivity = Date.now();\n                    return origFetch.apply(this, arguments);\n                };\n                const origXhrOpen = XMLHttpRequest.prototype.open;\n                XMLHttpRequest.prototype.open = function () {\n                    this.addEventListener('loadend', () => {\n                        window.__lastNetworkActivity = Date.now();\n                    });\n                    origXhrOpen.apply(this, arguments);\n                };\n            });\n\n            try {\n                await browser.waitUntil(\n                    async () => {\n                        const last = await browser.execute(() => window.__lastNetworkActivity);\n                        return Date.now() - last > 3000; // 3s network idle\n                    },\n                    { timeout: 45000 }\n                );\n            } catch (netErr) {\n                softFailNote += '⚠ Network idle not reached; continuing as soft-fail<br/>';\n            }\n\n            // 5️⃣ Spinner wait (SOFT-FAIL for all mobile)\n            try {\n                await browser.waitUntil(\n                    async () => {\n                        return await browser.execute(() => {\n                            const spinners = document.querySelectorAll(\n                                '[class*=\"spinner\"], [class*=\"loading\"], [aria-busy=\"true\"]'\n                            );\n                            return Array.from(spinners).every(el => {\n                                const style = window.getComputedStyle(el);\n                                return style.display === 'none' || style.visibility === 'hidden';\n                            });\n                        });\n                    },\n                    { timeout: 90000 } // extend to 90s for slow devices\n                );\n            } catch (spinnerErr) {\n                softFailNote += '⚠ Spinner still visible (soft-fail)<br/>';\n            }\n\n            // 6️⃣ Capture title\n            title = await browser.getTitle();\n\n            // 7️⃣ Screenshot\n            screenshotName = `${Date.now()}-${device.replace(/\\s/g, '_')}-BDO.png`;\n            const screenshotPath = path.join(screenshotDir, screenshotName);\n            await browser.saveScreenshot(screenshotPath);\n\n        } catch (err) {\n            status = 'failed';\n            throw err;\n        } finally {\n            // Prepare HTML report row\n            if (!fs.existsSync(reportDir)) fs.mkdirSync(reportDir, { recursive: true });\n            if (!fs.existsSync(screenshotDir)) fs.mkdirSync(screenshotDir, { recursive: true });\n\n            const finalStatus =\n                status === 'passed' && softFailNote ? 'warning' : status;\n\n            const rowHtml = `<tr>\n<td>${device}</td>\n<td>${os}</td>\n<td>${browserName}</td>\n<td>${title}${softFailNote ? `<br/><small>${softFailNote}</small>` : ''}</td>\n<td class=\"${finalStatus}\">${finalStatus.toUpperCase()}</td>\n<td>${\n                screenshotName !== 'N/A'\n                    ? `<a href=\"../screenshot/${screenshotName}\" target=\"_blank\">View</a>`\n                    : 'N/A'\n            }</td>\n</tr>`;\n\n            fs.appendFileSync(reportFile, rowHtml);\n        }\n    }","test_file_path":"tests/bdo_test.js","test_location":"tests/bdo_test.js","test_scope":"BDO Online Banking - Page Load Test - should open BDO Online Banking and validate full page readiness","test_scopes":["BDO Online Banking - Page Load Test"],"test_started_at":"2025-12-27T06:47:34.214Z","automate_session_name":"BDO Online Banking - Page Load Test - should open BDO Online Banking and validate full page readiness","test_failure":null,"test_failure_reason":null,"test_failure_type":null}
[90m2025-12-27T06:49:17.169Z[39m [96mINFO[39m [97m@wdio/browserstack-service[39m runHooks: instance=[object Object] automationFrameworkState=TestFrameworkState.LOG_REPORT hookState=HookState.POST
[90m2025-12-27T06:49:17.169Z[39m [32mDEBUG[39m [97m@wdio/browserstack-service[39m onAllTestEvents: Called after all test events from cli configured module!!!
[90m2025-12-27T06:49:17.169Z[39m [96mINFO[39m [97m@wdio/browserstack-service[39m trackEvent: testFrameworkState=TestFrameworkState.TEST hookState=HookState.POST
[90m2025-12-27T06:49:17.169Z[39m [96mINFO[39m [97m@wdio/browserstack-service[39m trackEvent: testFrameworkState=TestFrameworkState.TEST; hookState=HookState.POST; args=[object Object]
[90m2025-12-27T06:49:17.169Z[39m [96mINFO[39m [97m@wdio/browserstack-service[39m resolveInstance: resolving instance for testFrameworkState=TestFrameworkState.TEST hookState=HookState.POST
[90m2025-12-27T06:49:17.169Z[39m [96mINFO[39m [97m@wdio/browserstack-service[39m Hook List in Post [{"key":"TestFrameworkState.TEST","hook_id":"","hook_result":"pending","event_started_at":"2025-12-27T06:47:34.215Z","hook_logs":[],"hook_name":"should open BDO Online Banking and validate full page readiness","test_file_path":"tests/bdo_test.js","test_location":"tests/bdo_test.js"}]
[90m2025-12-27T06:49:17.169Z[39m [96mINFO[39m [97m@wdio/browserstack-service[39m trackHookEvents: hook state=TestFrameworkState.TEST.HookState.POST, hooks started={}, hooks finished={}
[90m2025-12-27T06:49:17.169Z[39m [32mDEBUG[39m [97m@wdio/browserstack-service[39m trackEvent: tracked instance data={"test_framework_name":"WebdriverIO-mocha","test_framework_version":"9.21.0","test_logs":[],"test_hooks_finished":{},"test_hooks_started":{},"test_uuid":"9d33f0e2-de82-4881-bb18-779d1c165c56","test_result":"passed","test_hook_last_started":"TestFrameworkState.TEST","test_id":"BDO Online Banking - Page Load Test - should open BDO Online Banking and validate full page readiness","test_name":"should open BDO Online Banking and validate full page readiness","test_code":"async function () {\n        const caps = browser.capabilities;\n        const device = caps.deviceName || caps.browserName || 'unknown-device';\n        const os = caps.os || caps.platformName || 'unknown-os';\n        const browserName = caps.browserName || 'unknown-browser';\n        const isMobile = /ios|android/i.test(os) || /safari/i.test(browserName) || /chrome/i.test(browserName);\n\n        let status = 'passed';\n        let title = 'N/A';\n        let screenshotName = 'N/A';\n        let softFailNote = '';\n\n        try {\n            await browser.url('https://www.onlinebanking.bdo.com.ph/');\n\n            // 1️⃣ DOM + URL ready (soft-fail for mobile)\n            try {\n                await browser.waitUntil(\n                    async () => {\n                        const readyState = await browser.execute(() => document.readyState);\n                        const currentUrl = await browser.getUrl();\n                        return readyState === 'complete' && currentUrl.includes('bdo.com.ph');\n                    },\n                    { timeout: isMobile ? 90000 : 45000 }\n                );\n            } catch (domErr) {\n                if (isMobile) {\n                    softFailNote += '⚠ Mobile DOM may not be fully rendered; continuing as soft-fail<br/>';\n                } else {\n                    throw domErr;\n                }\n            }\n\n            // 2️⃣ Detect BLOCKED / SECURITY pages\n            const pageContent = await browser.execute(() => document.body.innerText.toLowerCase());\n            if (\n                pageContent.includes('access denied') ||\n                pageContent.includes('security check') ||\n                pageContent.includes('unusual activity') ||\n                pageContent.includes('verify you are human')\n            ) {\n                throw new Error('Blocked / security page detected');\n            }\n\n            // 3️⃣ Detect MAINTENANCE page\n            if (\n                pageContent.includes('maintenance') ||\n                pageContent.includes('temporarily unavailable') ||\n                pageContent.includes('we’ll be back soon')\n            ) {\n                throw new Error('Maintenance page detected');\n            }\n\n            // 4️⃣ Network idle approximation\n            await browser.execute(() => {\n                window.__lastNetworkActivity = Date.now();\n                const origFetch = window.fetch;\n                window.fetch = function () {\n                    window.__lastNetworkActivity = Date.now();\n                    return origFetch.apply(this, arguments);\n                };\n                const origXhrOpen = XMLHttpRequest.prototype.open;\n                XMLHttpRequest.prototype.open = function () {\n                    this.addEventListener('loadend', () => {\n                        window.__lastNetworkActivity = Date.now();\n                    });\n                    origXhrOpen.apply(this, arguments);\n                };\n            });\n\n            try {\n                await browser.waitUntil(\n                    async () => {\n                        const last = await browser.execute(() => window.__lastNetworkActivity);\n                        return Date.now() - last > 3000; // 3s network idle\n                    },\n                    { timeout: 45000 }\n                );\n            } catch (netErr) {\n                softFailNote += '⚠ Network idle not reached; continuing as soft-fail<br/>';\n            }\n\n            // 5️⃣ Spinner wait (SOFT-FAIL for all mobile)\n            try {\n                await browser.waitUntil(\n                    async () => {\n                        return await browser.execute(() => {\n                            const spinners = document.querySelectorAll(\n                                '[class*=\"spinner\"], [class*=\"loading\"], [aria-busy=\"true\"]'\n                            );\n                            return Array.from(spinners).every(el => {\n                                const style = window.getComputedStyle(el);\n                                return style.display === 'none' || style.visibility === 'hidden';\n                            });\n                        });\n                    },\n                    { timeout: 90000 } // extend to 90s for slow devices\n                );\n            } catch (spinnerErr) {\n                softFailNote += '⚠ Spinner still visible (soft-fail)<br/>';\n            }\n\n            // 6️⃣ Capture title\n            title = await browser.getTitle();\n\n            // 7️⃣ Screenshot\n            screenshotName = `${Date.now()}-${device.replace(/\\s/g, '_')}-BDO.png`;\n            const screenshotPath = path.join(screenshotDir, screenshotName);\n            await browser.saveScreenshot(screenshotPath);\n\n        } catch (err) {\n            status = 'failed';\n            throw err;\n        } finally {\n            // Prepare HTML report row\n            if (!fs.existsSync(reportDir)) fs.mkdirSync(reportDir, { recursive: true });\n            if (!fs.existsSync(screenshotDir)) fs.mkdirSync(screenshotDir, { recursive: true });\n\n            const finalStatus =\n                status === 'passed' && softFailNote ? 'warning' : status;\n\n            const rowHtml = `<tr>\n<td>${device}</td>\n<td>${os}</td>\n<td>${browserName}</td>\n<td>${title}${softFailNote ? `<br/><small>${softFailNote}</small>` : ''}</td>\n<td class=\"${finalStatus}\">${finalStatus.toUpperCase()}</td>\n<td>${\n                screenshotName !== 'N/A'\n                    ? `<a href=\"../screenshot/${screenshotName}\" target=\"_blank\">View</a>`\n                    : 'N/A'\n            }</td>\n</tr>`;\n\n            fs.appendFileSync(reportFile, rowHtml);\n        }\n    }","test_file_path":"tests/bdo_test.js","test_location":"tests/bdo_test.js","test_scope":"BDO Online Banking - Page Load Test - should open BDO Online Banking and validate full page readiness","test_scopes":["BDO Online Banking - Page Load Test"],"test_started_at":"2025-12-27T06:47:34.214Z","automate_session_name":"BDO Online Banking - Page Load Test - should open BDO Online Banking and validate full page readiness","test_failure":null,"test_failure_reason":null,"test_failure_type":null,"test_ended_at":"2025-12-27T06:49:17.169Z","test_hook_last_finished":"TestFrameworkState.TEST"}
[90m2025-12-27T06:49:17.169Z[39m [96mINFO[39m [97m@wdio/browserstack-service[39m runHooks: instance=[object Object] automationFrameworkState=TestFrameworkState.TEST hookState=HookState.POST
[90m2025-12-27T06:49:17.170Z[39m [32mDEBUG[39m [97m@wdio/browserstack-service[39m onAfterTest: inside automate module after test hook!
[90m2025-12-27T06:49:17.170Z[39m [32mDEBUG[39m [97m@wdio/browserstack-service[39m getTrackedInstance: 28735:0
[90m2025-12-27T06:49:17.170Z[39m [32mDEBUG[39m [97m@wdio/browserstack-service[39m onAllTestEvents: Called after all test events from cli configured module!!!
[90m2025-12-27T06:49:17.170Z[39m [96mINFO[39m [97m@wdio/browserstack-service[39m onAllTestEvents: dropping due to lack of results
[90m2025-12-27T06:49:17.170Z[39m [32mDEBUG[39m [97m@wdio/browserstack-service[39m sendTestFrameworkEvent for testState: TEST hookState: POST
[90m2025-12-27T06:49:17.170Z[39m [32mDEBUG[39m [97m@wdio/browserstack-service[39m sendTestFrameworkEvent payload: {"platformIndex":0,"testFrameworkName":"WebdriverIO-mocha","testFrameworkVersion":"9.21.0","testFrameworkState":"TEST","testHookState":"POST","startedAt":"2025-12-27T06:47:34.214Z","endedAt":"2025-12-27T06:49:17.169Z","uuid":"9d33f0e2-de82-4881-bb18-779d1c165c56","eventJson":{"type":"Buffer","data":[123,34,116,101,115,116,95,102,114,97,109,101,119,111,114,107,95,110,97,109,101,34,58,34,87,101,98,100,114,105,118,101,114,73,79,45,109,111,99,104,97,34,44,34,116,101,115,116,95,102,114,97,109,101,119,111,114,107,95,118,101,114,115,105,111,110,34,58,34,57,46,50,49,46,48,34,44,34,116,101,115,116,95,108,111,103,115,34,58,91,93,44,34,116,101,115,116,95,104,111,111,107,115,95,102,105,110,105,115,104,101,100,34,58,123,125,44,34,116,101,115,116,95,104,111,111,107,115,95,115,116,97,114,116,101,100,34,58,123,125,44,34,116,101,115,116,95,117,117,105,100,34,58,34,57,100,51,51,102,48,101,50,45,100,101,56,50,45,52,56,56,49,45,98,98,49,56,45,55,55,57,100,49,99,49,54,53,99,53,54,34,44,34,116,101,115,116,95,114,101,115,117,108,116,34,58,34,112,97,115,115,101,100,34,44,34,116,101,115,116,95,104,111,111,107,95,108,97,115,116,95,115,116,97,114,116,101,100,34,58,34,84,101,115,116,70,114,97,109,101,119,111,114,107,83,116,97,116,101,46,84,69,83,84,34,44,34,116,101,115,116,95,105,100,34,58,34,66,68,79,32,79,110,108,105,110,101,32,66,97,110,107,105,110,103,32,45,32,80,97,103,101,32,76,111,97,100,32,84,101,115,116,32,45,32,115,104,111,117,108,100,32,111,112,101,110,32,66,68,79,32,79,110,108,105,110,101,32,66,97,110,107,105,110,103,32,97,110,100,32,118,97,108,105,100,97,116,101,32,102,117,108,108,32,112,97,103,101,32,114,101,97,100,105,110,101,115,115,34,44,34,116,101,115,116,95,110,97,109,101,34,58,34,115,104,111,117,108,100,32,111,112,101,110,32,66,68,79,32,79,110,108,105,110,101,32,66,97,110,107,105,110,103,32,97,110,100,32,118,97,108,105,100,97,116,101,32,102,117,108,108,32,112,97,103,101,32,114,101,97,100,105,110,101,115,115,34,44,34,116,101,115,116,95,99,111,100,101,34,58,34,97,115,121,110,99,32,102,117,110,99,116,105,111,110,32,40,41,32,123,92,110,32,32,32,32,32,32,32,32,99,111,110,115,116,32,99,97,112,115,32,61,32,98,114,111,119,115,101,114,46,99,97,112,97,98,105,108,105,116,105,101,115,59,92,110,32,32,32,32,32,32,32,32,99,111,110,115,116,32,100,101,118,105,99,101,32,61,32,99,97,112,115,46,100,101,118,105,99,101,78,97,109,101,32,124,124,32,99,97,112,115,46,98,114,111,119,115,101,114,78,97,109,101,32,124,124,32,39,117,110,107,110,111,119,110,45,100,101,118,105,99,101,39,59,92,110,32,32,32,32,32,32,32,32,99,111,110,115,116,32,111,115,32,61,32,99,97,112,115,46,111,115,32,124,124,32,99,97,112,115,46,112,108,97,116,102,111,114,109,78,97,109,101,32,124,124,32,39,117,110,107,110,111,119,110,45,111,115,39,59,92,110,32,32,32,32,32,32,32,32,99,111,110,115,116,32,98,114,111,119,115,101,114,78,97,109,101,32,61,32,99,97,112,115,46,98,114,111,119,115,101,114,78,97,109,101,32,124,124,32,39,117,110,107,110,111,119,110,45,98,114,111,119,115,101,114,39,59,92,110,32,32,32,32,32,32,32,32,99,111,110,115,116,32,105,115,77,111,98,105,108,101,32,61,32,47,105,111,115,124,97,110,100,114,111,105,100,47,105,46,116,101,115,116,40,111,115,41,32,124,124,32,47,115,97,102,97,114,105,47,105,46,116,101,115,116,40,98,114,111,119,115,101,114,78,97,109,101,41,32,124,124,32,47,99,104,114,111,109,101,47,105,46,116,101,115,116,40,98,114,111,119,115,101,114,78,97,109,101,41,59,92,110,92,110,32,32,32,32,32,32,32,32,108,101,116,32,115,116,97,116,117,115,32,61,32,39,112,97,115,115,101,100,39,59,92,110,32,32,32,32,32,32,32,32,108,101,116,32,116,105,116,108,101,32,61,32,39,78,47,65,39,59,92,110,32,32,32,32,32,32,32,32,108,101,116,32,115,99,114,101,101,110,115,104,111,116,78,97,109,101,32,61,32,39,78,47,65,39,59,92,110,32,32,32,32,32,32,32,32,108,101,116,32,115,111,102,116,70,97,105,108,78,111,116,101,32,61,32,39,39,59,92,110,92,110,32,32,32,32,32,32,32,32,116,114,121,32,123,92,110,32,32,32,32,32,32,32,32,32,32,32,32,97,119,97,105,116,32,98,114,111,119,115,101,114,46,117,114,108,40,39,104,116,116,112,115,58,47,47,119,119,119,46,111,110,108,105,110,101,98,97,110,107,105,110,103,46,98,100,111,46,99,111,109,46,112,104,47,39,41,59,92,110,92,110,32,32,32,32,32,32,32,32,32,32,32,32,47,47,32,49,239,184,143,226,131,163,32,68,79,77,32,43,32,85,82,76,32,114,101,97,100,121,32,40,115,111,102,116,45,102,97,105,108,32,102,111,114,32,109,111,98,105,108,101,41,92,110,32,32,32,32,32,32,32,32,32,32,32,32,116,114,121,32,123,92,110,32,32,32,32,32,32,32,32,32,32,32,32,32,32,32,32,97,119,97,105,116,32,98,114,111,119,115,101,114,46,119,97,105,116,85,110,116,105,108,40,92,110,32,32,32,32,32,32,32,32,32,32,32,32,32,32,32,32,32,32,32,32,97,115,121,110,99,32,40,41,32,61,62,32,123,92,110,32,32,32,32,32,32,32,32,32,32,32,32,32,32,32,32,32,32,32,32,32,32,32,32,99,111,110,115,116,32,114,101,97,100,121,83,116,97,116,101,32,61,32,97,119,97,105,116,32,98,114,111,119,115,101,114,46,101,120,101,99,117,116,101,40,40,41,32,61,62,32,100,111,99,117,109,101,110,116,46,114,101,97,100,121,83,116,97,116,101,41,59,92,110,32,32,32,32,32,32,32,32,32,32,32,32,32,32,32,32,32,32,32,32,32,32,32,32,99,111,110,115,116,32,99,117,114,114,101,110,116,85,114,108,32,61,32,97,119,97,105,116,32,98,114,111,119,115,101,114,46,103,101,116,85,114,108,40,41,59,92,110,32,32,32,32,32,32,32,32,32,32,32,32,32,32,32,32,32,32,32,32,32,32,32,32,114,101,116,117,114,110,32,114,101,97,100,121,83,116,97,116,101,32,61,61,61,32,39,99,111,109,112,108,101,116,101,39,32,38,38,32,99,117,114,114,101,110,116,85,114,108,46,105,110,99,108,117,100,101,115,40,39,98,100,111,46,99,111,109,46,112,104,39,41,59,92,110,32,32,32,32,32,32,32,32,32,32,32,32,32,32,32,32,32,32,32,32,125,44,92,110,32,32,32,32,32,32,32,32,32,32,32,32,32,32,32,32,32,32,32,32,123,32,116,105,109,101,111,117,116,58,32,105,115,77,111,98,105,108,101,32,63,32,57,48,48,48,48,32,58,32,52,53,48,48,48,32,125,92,110,32,32,32,32,32,32,32,32,32,32,32,32,32,32,32,32,41,59,92,110,32,32,32,32,32,32,32,32,32,32,32,32,125,32,99,97,116,99,104,32,40,100,111,109,69,114,114,41,32,123,92,110,32,32,32,32,32,32,32,32,32,32,32,32,32,32,32,32,105,102,32,40,105,115,77,111,98,105,108,101,41,32,123,92,110,32,32,32,32,32,32,32,32,32,32,32,32,32,32,32,32,32,32,32,32,115,111,102,116,70,97,105,108,78,111,116,101,32,43,61,32,39,226,154,160,32,77,111,98,105,108,101,32,68,79,77,32,109,97,121,32,110,111,116,32,98,101,32,102,117,108,108,121,32,114,101,110,100,101,114,101,100,59,32,99,111,110,116,105,110,117,105,110,103,32,97,115,32,115,111,102,116,45,102,97,105,108,60,98,114,47,62,39,59,92,110,32,32,32,32,32,32,32,32,32,32,32,32,32,32,32,32,125,32,101,108,115,101,32,123,92,110,32,32,32,32,32,32,32,32,32,32,32,32,32,32,32,32,32,32,32,32,116,104,114,111,119,32,100,111,109,69,114,114,59,92,110,32,32,32,32,32,32,32,32,32,32,32,32,32,32,32,32,125,92,110,32,32,32,32,32,32,32,32,32,32,32,32,125,92,110,92,110,32,32,32,32,32,32,32,32,32,32,32,32,47,47,32,50,239,184,143,226,131,163,32,68,101,116,101,99,116,32,66,76,79,67,75,69,68,32,47,32,83,69,67,85,82,73,84,89,32,112,97,103,101,115,92,110,32,32,32,32,32,32,32,32,32,32,32,32,99,111,110,115,116,32,112,97,103,101,67,111,110,116,101,110,116,32,61,32,97,119,97,105,116,32,98,114,111,119,115,101,114,46,101,120,101,99,117,116,101,40,40,41,32,61,62,32,100,111,99,117,109,101,110,116,46,98,111,100,121,46,105,110,110,101,114,84,101,120,116,46,116,111,76,111,119,101,114,67,97,115,101,40,41,41,59,92,110,32,32,32,32,32,32,32,32,32,32,32,32,105,102,32,40,92,110,32,32,32,32,32,32,32,32,32,32,32,32,32,32,32,32,112,97,103,101,67,111,110,116,101,110,116,46,105,110,99,108,117,100,101,115,40,39,97,99,99,101,115,115,32,100,101,110,105,101,100,39,41,32,124,124,92,110,32,32,32,32,32,32,32,32,32,32,32,32,32,32,32,32,112,97,103,101,67,111,110,116,101,110,116,46,105,110,99,108,117,100,101,115,40,39,115,101,99,117,114,105,116,121,32,99,104,101,99,107,39,41,32,124,124,92,110,32,32,32,32,32,32,32,32,32,32,32,32,32,32,32,32,112,97,103,101,67,111,110,116,101,110,116,46,105,110,99,108,117,100,101,115,40,39,117,110,117,115,117,97,108,32,97,99,116,105,118,105,116,121,39,41,32,124,124,92,110,32,32,32,32,32,32,32,32,32,32,32,32,32,32,32,32,112,97,103,101,67,111,110,116,101,110,116,46,105,110,99,108,117,100,101,115,40,39,118,101,114,105,102,121,32,121,111,117,32,97,114,101,32,104,117,109,97,110,39,41,92,110,32,32,32,32,32,32,32,32,32,32,32,32,41,32,123,92,110,32,32,32,32,32,32,32,32,32,32,32,32,32,32,32,32,116,104,114,111,119,32,110,101,119,32,69,114,114,111,114,40,39,66,108,111,99,107,101,100,32,47,32,115,101,99,117,114,105,116,121,32,112,97,103,101,32,100,101,116,101,99,116,101,100,39,41,59,92,110,32,32,32,32,32,32,32,32,32,32,32,32,125,92,110,92,110,32,32,32,32,32,32,32,32,32,32,32,32,47,47,32,51,239,184,143,226,131,163,32,68,101,116,101,99,116,32,77,65,73,78,84,69,78,65,78,67,69,32,112,97,103,101,92,110,32,32,32,32,32,32,32,32,32,32,32,32,105,102,32,40,92,110,32,32,32,32,32,32,32,32,32,32,32,32,32,32,32,32,112,97,103,101,67,111,110,116,101,110,116,46,105,110,99,108,117,100,101,115,40,39,109,97,105,110,116,101,110,97,110,99,101,39,41,32,124,124,92,110,32,32,32,32,32,32,32,32,32,32,32,32,32,32,32,32,112,97,103,101,67,111,110,116,101,110,116,46,105,110,99,108,117,100,101,115,40,39,116,101,109,112,111,114,97,114,105,108,121,32,117,110,97,118,97,105,108,97,98,108,101,39,41,32,124,124,92,110,32,32,32,32,32,32,32,32,32,32,32,32,32,32,32,32,112,97,103,101,67,111,110,116,101,110,116,46,105,110,99,108,117,100,101,115,40,39,119,101,226,128,153,108,108,32,98,101,32,98,97,99,107,32,115,111,111,110,39,41,92,110,32,32,32,32,32,32,32,32,32,32,32,32,41,32,123,92,110,32,32,32,32,32,32,32,32,32,32,32,32,32,32,32,32,116,104,114,111,119,32,110,101,119,32,69,114,114,111,114,40,39,77,97,105,110,116,101,110,97,110,99,101,32,112,97,103,101,32,100,101,116,101,99,116,101,100,39,41,59,92,110,32,32,32,32,32,32,32,32,32,32,32,32,125,92,110,92,110,32,32,32,32,32,32,32,32,32,32,32,32,47,47,32,52,239,184,143,226,131,163,32,78,101,116,119,111,114,107,32,105,100,108,101,32,97,112,112,114,111,120,105,109,97,116,105,111,110,92,110,32,32,32,32,32,32,32,32,32,32,32,32,97,119,97,105,116,32,98,114,111,119,115,101,114,46,101,120,101,99,117,116,101,40,40,41,32,61,62,32,123,92,110,32,32,32,32,32,32,32,32,32,32,32,32,32,32,32,32,119,105,110,100,111,119,46,95,95,108,97,115,116,78,101,116,119,111,114,107,65,99,116,105,118,105,116,121,32,61,32,68,97,116,101,46,110,111,119,40,41,59,92,110,32,32,32,32,32,32,32,32,32,32,32,32,32,32,32,32,99,111,110,115,116,32,111,114,105,103,70,101,116,99,104,32,61,32,119,105,110,100,111,119,46,102,101,116,99,104,59,92,110,32,32,32,32,32,32,32,32,32,32,32,32,32,32,32,32,119,105,110,100,111,119,46,102,101,116,99,104,32,61,32,102,117,110,99,116,105,111,110,32,40,41,32,123,92,110,32,32,32,32,32,32,32,32,32,32,32,32,32,32,32,32,32,32,32,32,119,105,110,100,111,119,46,95,95,108,97,115,116,78,101,116,119,111,114,107,65,99,116,105,118,105,116,121,32,61,32,68,97,116,101,46,110,111,119,40,41,59,92,110,32,32,32,32,32,32,32,32,32,32,32,32,32,32,32,32,32,32,32,32,114,101,116,117,114,110,32,111,114,105,103,70,101,116,99,104,46,97,112,112,108,121,40,116,104,105,115,44,32,97,114,103,117,109,101,110,116,115,41,59,92,110,32,32,32,32,32,32,32,32,32,32,32,32,32,32,32,32,125,59,92,110,32,32,32,32,32,32,32,32,32,32,32,32,32,32,32,32,99,111,110,115,116,32,111,114,105,103,88,104,114,79,112,101,110,32,61,32,88,77,76,72,116,116,112,82,101,113,117,101,115,116,46,112,114,111,116,111,116,121,112,101,46,111,112,101,110,59,92,110,32,32,32,32,32,32,32,32,32,32,32,32,32,32,32,32,88,77,76,72,116,116,112,82,101,113,117,101,115,116,46,112,114,111,116,111,116,121,112,101,46,111,112,101,110,32,61,32,102,117,110,99,116,105,111,110,32,40,41,32,123,92,110,32,32,32,32,32,32,32,32,32,32,32,32,32,32,32,32,32,32,32,32,116,104,105,115,46,97,100,100,69,118,101,110,116,76,105,115,116,101,110,101,114,40,39,108,111,97,100,101,110,100,39,44,32,40,41,32,61,62,32,123,92,110,32,32,32,32,32,32,32,32,32,32,32,32,32,32,32,32,32,32,32,32,32,32,32,32,119,105,110,100,111,119,46,95,95,108,97,115,116,78,101,116,119,111,114,107,65,99,116,105,118,105,116,121,32,61,32,68,97,116,101,46,110,111,119,40,41,59,92,110,32,32,32,32,32,32,32,32,32,32,32,32,32,32,32,32,32,32,32,32,125,41,59,92,110,32,32,32,32,32,32,32,32,32,32,32,32,32,32,32,32,32,32,32,32,111,114,105,103,88,104,114,79,112,101,110,46,97,112,112,108,121,40,116,104,105,115,44,32,97,114,103,117,109,101,110,116,115,41,59,92,110,32,32,32,32,32,32,32,32,32,32,32,32,32,32,32,32,125,59,92,110,32,32,32,32,32,32,32,32,32,32,32,32,125,41,59,92,110,92,110,32,32,32,32,32,32,32,32,32,32,32,32,116,114,121,32,123,92,110,32,32,32,32,32,32,32,32,32,32,32,32,32,32,32,32,97,119,97,105,116,32,98,114,111,119,115,101,114,46,119,97,105,116,85,110,116,105,108,40,92,110,32,32,32,32,32,32,32,32,32,32,32,32,32,32,32,32,32,32,32,32,97,115,121,110,99,32,40,41,32,61,62,32,123,92,110,32,32,32,32,32,32,32,32,32,32,32,32,32,32,32,32,32,32,32,32,32,32,32,32,99,111,110,115,116,32,108,97,115,116,32,61,32,97,119,97,105,116,32,98,114,111,119,115,101,114,46,101,120,101,99,117,116,101,40,40,41,32,61,62,32,119,105,110,100,111,119,46,95,95,108,97,115,116,78,101,116,119,111,114,107,65,99,116,105,118,105,116,121,41,59,92,110,32,32,32,32,32,32,32,32,32,32,32,32,32,32,32,32,32,32,32,32,32,32,32,32,114,101,116,117,114,110,32,68,97,116,101,46,110,111,119,40,41,32,45,32,108,97,115,116,32,62,32,51,48,48,48,59,32,47,47,32,51,115,32,110,101,116,119,111,114,107,32,105,100,108,101,92,110,32,32,32,32,32,32,32,32,32,32,32,32,32,32,32,32,32,32,32,32,125,44,92,110,32,32,32,32,32,32,32,32,32,32,32,32,32,32,32,32,32,32,32,32,123,32,116,105,109,101,111,117,116,58,32,52,53,48,48,48,32,125,92,110,32,32,32,32,32,32,32,32,32,32,32,32,32,32,32,32,41,59,92,110,32,32,32,32,32,32,32,32,32,32,32,32,125,32,99,97,116,99,104,32,40,110,101,116,69,114,114,41,32,123,92,110,32,32,32,32,32,32,32,32,32,32,32,32,32,32,32,32,115,111,102,116,70,97,105,108,78,111,116,101,32,43,61,32,39,226,154,160,32,78,101,116,119,111,114,107,32,105,100,108,101,32,110,111,116,32,114,101,97,99,104,101,100,59,32,99,111,110,116,105,110,117,105,110,103,32,97,115,32,115,111,102,116,45,102,97,105,108,60,98,114,47,62,39,59,92,110,32,32,32,32,32,32,32,32,32,32,32,32,125,92,110,92,110,32,32,32,32,32,32,32,32,32,32,32,32,47,47,32,53,239,184,143,226,131,163,32,83,112,105,110,110,101,114,32,119,97,105,116,32,40,83,79,70,84,45,70,65,73,76,32,102,111,114,32,97,108,108,32,109,111,98,105,108,101,41,92,110,32,32,32,32,32,32,32,32,32,32,32,32,116,114,121,32,123,92,110,32,32,32,32,32,32,32,32,32,32,32,32,32,32,32,32,97,119,97,105,116,32,98,114,111,119,115,101,114,46,119,97,105,116,85,110,116,105,108,40,92,110,32,32,32,32,32,32,32,32,32,32,32,32,32,32,32,32,32,32,32,32,97,115,121,110,99,32,40,41,32,61,62,32,123,92,110,32,32,32,32,32,32,32,32,32,32,32,32,32,32,32,32,32,32,32,32,32,32,32,32,114,101,116,117,114,110,32,97,119,97,105,116,32,98,114,111,119,115,101,114,46,101,120,101,99,117,116,101,40,40,41,32,61,62,32,123,92,110,32,32,32,32,32,32,32,32,32,32,32,32,32,32,32,32,32,32,32,32,32,32,32,32,32,32,32,32,99,111,110,115,116,32,115,112,105,110,110,101,114,115,32,61,32,100,111,99,117,109,101,110,116,46,113,117,101,114,121,83,101,108,101,99,116,111,114,65,108,108,40,92,110,32,32,32,32,32,32,32,32,32,32,32,32,32,32,32,32,32,32,32,32,32,32,32,32,32,32,32,32,32,32,32,32,39,91,99,108,97,115,115,42,61,92,34,115,112,105,110,110,101,114,92,34,93,44,32,91,99,108,97,115,115,42,61,92,34,108,111,97,100,105,110,103,92,34,93,44,32,91,97,114,105,97,45,98,117,115,121,61,92,34,116,114,117,101,92,34,93,39,92,110,32,32,32,32,32,32,32,32,32,32,32,32,32,32,32,32,32,32,32,32,32,32,32,32,32,32,32,32,41,59,92,110,32,32,32,32,32,32,32,32,32,32,32,32,32,32,32,32,32,32,32,32,32,32,32,32,32,32,32,32,114,101,116,117,114,110,32,65,114,114,97,121,46,102,114,111,109,40,115,112,105,110,110,101,114,115,41,46,101,118,101,114,121,40,101,108,32,61,62,32,123,92,110,32,32,32,32,32,32,32,32,32,32,32,32,32,32,32,32,32,32,32,32,32,32,32,32,32,32,32,32,32,32,32,32,99,111,110,115,116,32,115,116,121,108,101,32,61,32,119,105,110,100,111,119,46,103,101,116,67,111,109,112,117,116,101,100,83,116,121,108,101,40,101,108,41,59,92,110,32,32,32,32,32,32,32,32,32,32,32,32,32,32,32,32,32,32,32,32,32,32,32,32,32,32,32,32,32,32,32,32,114,101,116,117,114,110,32,115,116,121,108,101,46,100,105,115,112,108,97,121,32,61,61,61,32,39,110,111,110,101,39,32,124,124,32,115,116,121,108,101,46,118,105,115,105,98,105,108,105,116,121,32,61,61,61,32,39,104,105,100,100,101,110,39,59,92,110,32,32,32,32,32,32,32,32,32,32,32,32,32,32,32,32,32,32,32,32,32,32,32,32,32,32,32,32,125,41,59,92,110,32,32,32,32,32,32,32,32,32,32,32,32,32,32,32,32,32,32,32,32,32,32,32,32,125,41,59,92,110,32,32,32,32,32,32,32,32,32,32,32,32,32,32,32,32,32,32,32,32,125,44,92,110,32,32,32,32,32,32,32,32,32,32,32,32,32,32,32,32,32,32,32,32,123,32,116,105,109,101,111,117,116,58,32,57,48,48,48,48,32,125,32,47,47,32,101,120,116,101,110,100,32,116,111,32,57,48,115,32,102,111,114,32,115,108,111,119,32,100,101,118,105,99,101,115,92,110,32,32,32,32,32,32,32,32,32,32,32,32,32,32,32,32,41,59,92,110,32,32,32,32,32,32,32,32,32,32,32,32,125,32,99,97,116,99,104,32,40,115,112,105,110,110,101,114,69,114,114,41,32,123,92,110,32,32,32,32,32,32,32,32,32,32,32,32,32,32,32,32,115,111,102,116,70,97,105,108,78,111,116,101,32,43,61,32,39,226,154,160,32,83,112,105,110,110,101,114,32,115,116,105,108,108,32,118,105,115,105,98,108,101,32,40,115,111,102,116,45,102,97,105,108,41,60,98,114,47,62,39,59,92,110,32,32,32,32,32,32,32,32,32,32,32,32,125,92,110,92,110,32,32,32,32,32,32,32,32,32,32,32,32,47,47,32,54,239,184,143,226,131,163,32,67,97,112,116,117,114,101,32,116,105,116,108,101,92,110,32,32,32,32,32,32,32,32,32,32,32,32,116,105,116,108,101,32,61,32,97,119,97,105,116,32,98,114,111,119,115,101,114,46,103,101,116,84,105,116,108,101,40,41,59,92,110,92,110,32,32,32,32,32,32,32,32,32,32,32,32,47,47,32,55,239,184,143,226,131,163,32,83,99,114,101,101,110,115,104,111,116,92,110,32,32,32,32,32,32,32,32,32,32,32,32,115,99,114,101,101,110,115,104,111,116,78,97,109,101,32,61,32,96,36,123,68,97,116,101,46,110,111,119,40,41,125,45,36,123,100,101,118,105,99,101,46,114,101,112,108,97,99,101,40,47,92,92,115,47,103,44,32,39,95,39,41,125,45,66,68,79,46,112,110,103,96,59,92,110,32,32,32,32,32,32,32,32,32,32,32,32,99,111,110,115,116,32,115,99,114,101,101,110,115,104,111,116,80,97,116,104,32,61,32,112,97,116,104,46,106,111,105,110,40,115,99,114,101,101,110,115,104,111,116,68,105,114,44,32,115,99,114,101,101,110,115,104,111,116,78,97,109,101,41,59,92,110,32,32,32,32,32,32,32,32,32,32,32,32,97,119,97,105,116,32,98,114,111,119,115,101,114,46,115,97,118,101,83,99,114,101,101,110,115,104,111,116,40,115,99,114,101,101,110,115,104,111,116,80,97,116,104,41,59,92,110,92,110,32,32,32,32,32,32,32,32,125,32,99,97,116,99,104,32,40,101,114,114,41,32,123,92,110,32,32,32,32,32,32,32,32,32,32,32,32,115,116,97,116,117,115,32,61,32,39,102,97,105,108,101,100,39,59,92,110,32,32,32,32,32,32,32,32,32,32,32,32,116,104,114,111,119,32,101,114,114,59,92,110,32,32,32,32,32,32,32,32,125,32,102,105,110,97,108,108,121,32,123,92,110,32,32,32,32,32,32,32,32,32,32,32,32,47,47,32,80,114,101,112,97,114,101,32,72,84,77,76,32,114,101,112,111,114,116,32,114,111,119,92,110,32,32,32,32,32,32,32,32,32,32,32,32,105,102,32,40,33,102,115,46,101,120,105,115,116,115,83,121,110,99,40,114,101,112,111,114,116,68,105,114,41,41,32,102,115,46,109,107,100,105,114,83,121,110,99,40,114,101,112,111,114,116,68,105,114,44,32,123,32,114,101,99,117,114,115,105,118,101,58,32,116,114,117,101,32,125,41,59,92,110,32,32,32,32,32,32,32,32,32,32,32,32,105,102,32,40,33,102,115,46,101,120,105,115,116,115,83,121,110,99,40,115,99,114,101,101,110,115,104,111,116,68,105,114,41,41,32,102,115,46,109,107,100,105,114,83,121,110,99,40,115,99,114,101,101,110,115,104,111,116,68,105,114,44,32,123,32,114,101,99,117,114,115,105,118,101,58,32,116,114,117,101,32,125,41,59,92,110,92,110,32,32,32,32,32,32,32,32,32,32,32,32,99,111,110,115,116,32,102,105,110,97,108,83,116,97,116,117,115,32,61,92,110,32,32,32,32,32,32,32,32,32,32,32,32,32,32,32,32,115,116,97,116,117,115,32,61,61,61,32,39,112,97,115,115,101,100,39,32,38,38,32,115,111,102,116,70,97,105,108,78,111,116,101,32,63,32,39,119,97,114,110,105,110,103,39,32,58,32,115,116,97,116,117,115,59,92,110,92,110,32,32,32,32,32,32,32,32,32,32,32,32,99,111,110,115,116,32,114,111,119,72,116,109,108,32,61,32,96,60,116,114,62,92,110,60,116,100,62,36,123,100,101,118,105,99,101,125,60,47,116,100,62,92,110,60,116,100,62,36,123,111,115,125,60,47,116,100,62,92,110,60,116,100,62,36,123,98,114,111,119,115,101,114,78,97,109,101,125,60,47,116,100,62,92,110,60,116,100,62,36,123,116,105,116,108,101,125,36,123,115,111,102,116,70,97,105,108,78,111,116,101,32,63,32,96,60,98,114,47,62,60,115,109,97,108,108,62,36,123,115,111,102,116,70,97,105,108,78,111,116,101,125,60,47,115,109,97,108,108,62,96,32,58,32,39,39,125,60,47,116,100,62,92,110,60,116,100,32,99,108,97,115,115,61,92,34,36,123,102,105,110,97,108,83,116,97,116,117,115,125,92,34,62,36,123,102,105,110,97,108,83,116,97,116,117,115,46,116,111,85,112,112,101,114,67,97,115,101,40,41,125,60,47,116,100,62,92,110,60,116,100,62,36,123,92,110,32,32,32,32,32,32,32,32,32,32,32,32,32,32,32,32,115,99,114,101,101,110,115,104,111,116,78,97,109,101,32,33,61,61,32,39,78,47,65,39,92,110,32,32,32,32,32,32,32,32,32,32,32,32,32,32,32,32,32,32,32,32,63,32,96,60,97,32,104,114,101,102,61,92,34,46,46,47,115,99,114,101,101,110,115,104,111,116,47,36,123,115,99,114,101,101,110,115,104,111,116,78,97,109,101,125,92,34,32,116,97,114,103,101,116,61,92,34,95,98,108,97,110,107,92,34,62,86,105,101,119,60,47,97,62,96,92,110,32,32,32,32,32,32,32,32,32,32,32,32,32,32,32,32,32,32,32,32,58,32,39,78,47,65,39,92,110,32,32,32,32,32,32,32,32,32,32,32,32,125,60,47,116,100,62,92,110,60,47,116,114,62,96,59,92,110,92,110,32,32,32,32,32,32,32,32,32,32,32,32,102,115,46,97,112,112,101,110,100,70,105,108,101,83,121,110,99,40,114,101,112,111,114,116,70,105,108,101,44,32,114,111,119,72,116,109,108,41,59,92,110,32,32,32,32,32,32,32,32,125,92,110,32,32,32,32,125,34,44,34,116,101,115,116,95,102,105,108,101,95,112,97,116,104,34,58,34,116,101,115,116,115,47,98,100,111,95,116,101,115,116,46,106,115,34,44,34,116,101,115,116,95,108,111,99,97,116,105,111,110,34,58,34,116,101,115,116,115,47,98,100,111,95,116,101,115,116,46,106,115,34,44,34,116,101,115,116,95,115,99,111,112,101,34,58,34,66,68,79,32,79,110,108,105,110,101,32,66,97,110,107,105,110,103,32,45,32,80,97,103,101,32,76,111,97,100,32,84,101,115,116,32,45,32,115,104,111,117,108,100,32,111,112,101,110,32,66,68,79,32,79,110,108,105,110,101,32,66,97,110,107,105,110,103,32,97,110,100,32,118,97,108,105,100,97,116,101,32,102,117,108,108,32,112,97,103,101,32,114,101,97,100,105,110,101,115,115,34,44,34,116,101,115,116,95,115,99,111,112,101,115,34,58,91,34,66,68,79,32,79,110,108,105,110,101,32,66,97,110,107,105,110,103,32,45,32,80,97,103,101,32,76,111,97,100,32,84,101,115,116,34,93,44,34,116,101,115,116,95,115,116,97,114,116,101,100,95,97,116,34,58,34,50,48,50,53,45,49,50,45,50,55,84,48,54,58,52,55,58,51,52,46,50,49,52,90,34,44,34,97,117,116,111,109,97,116,101,95,115,101,115,115,105,111,110,95,110,97,109,101,34,58,34,66,68,79,32,79,110,108,105,110,101,32,66,97,110,107,105,110,103,32,45,32,80,97,103,101,32,76,111,97,100,32,84,101,115,116,32,45,32,115,104,111,117,108,100,32,111,112,101,110,32,66,68,79,32,79,110,108,105,110,101,32,66,97,110,107,105,110,103,32,97,110,100,32,118,97,108,105,100,97,116,101,32,102,117,108,108,32,112,97,103,101,32,114,101,97,100,105,110,101,115,115,34,44,34,116,101,115,116,95,102,97,105,108,117,114,101,34,58,110,117,108,108,44,34,116,101,115,116,95,102,97,105,108,117,114,101,95,114,101,97,115,111,110,34,58,110,117,108,108,44,34,116,101,115,116,95,102,97,105,108,117,114,101,95,116,121,112,101,34,58,110,117,108,108,44,34,116,101,115,116,95,101,110,100,101,100,95,97,116,34,58,34,50,48,50,53,45,49,50,45,50,55,84,48,54,58,52,57,58,49,55,46,49,54,57,90,34,44,34,116,101,115,116,95,104,111,111,107,95,108,97,115,116,95,102,105,110,105,115,104,101,100,34,58,34,84,101,115,116,70,114,97,109,101,119,111,114,107,83,116,97,116,101,46,84,69,83,84,34,44,34,97,117,116,111,109,97,116,101,95,115,101,115,115,105,111,110,95,115,116,97,116,117,115,34,58,34,112,97,115,115,101,100,34,44,34,116,101,115,116,95,100,101,102,101,114,114,101,100,34,58,116,114,117,101,125]},"executionContext":{"hash":"5ff19818c5510eefce19bc7b7b1e7b06af88cb5e13512144f76d016f3a6f2a53","threadId":"0","processId":"28735"}}
[90m2025-12-27T06:49:17.171Z[39m [96mINFO[39m [97m@wdio/browserstack-service[39m Sending TestFrameworkEvent
[90m2025-12-27T06:49:17.176Z[39m [96mINFO[39m [97m@wdio/browserstack-service[39m trackEvent: automationFrameworkState=AutomationFrameworkState.EXECUTE hookState=HookState.POST
[90m2025-12-27T06:49:17.176Z[39m [96mINFO[39m [97m@wdio/browserstack-service[39m trackEvent: automationFrameworkState=AutomationFrameworkState.EXECUTE hookState=HookState.POST args=[object Object]
[90m2025-12-27T06:49:17.176Z[39m [96mINFO[39m [97m@wdio/browserstack-service[39m resolveInstance: resolving instance for automationFrameworkState=AutomationFrameworkState.EXECUTE hookState=HookState.POST
[90m2025-12-27T06:49:17.176Z[39m [32mDEBUG[39m [97m@wdio/browserstack-service[39m getTrackedInstance: 28735:0
[90m2025-12-27T06:49:17.176Z[39m [96mINFO[39m [97m@wdio/browserstack-service[39m runHooks: automationFrameworkState=AutomationFrameworkState.EXECUTE hookState=HookState.POST
[90m2025-12-27T06:49:17.176Z[39m [32mDEBUG[39m [97m@wdio/browserstack-service[39m onAfterExecute: inside automate module after execute hook!
[90m2025-12-27T06:49:17.177Z[39m [96mINFO[39m [97m@wdio/browserstack-service[39m Marking session name for Automate
[90m2025-12-27T06:49:17.186Z[39m [96mINFO[39m [97m@wdio/browserstack-service[39m testFrameworkEvent successful
[90m2025-12-27T06:49:17.186Z[39m [32mDEBUG[39m [97m@wdio/browserstack-service[39m sendTestFrameworkEvent complete for testState: TEST hookState: POST
[90m2025-12-27T06:49:17.544Z[39m [32mDEBUG[39m [97m@wdio/browserstack-service[39m Session name updated: {
  automation_session: {
    name: 'BDO Online Banking - Page Load Test - should open BDO Online Banking and validate full page readiness',
    duration: null,
    os: 'android',
    os_version: '14.0',
    browser_version: null,
    browser: 'chrome_android',
    device: 'Samsung Galaxy S24',
    status: 'running',
    hashed_id: 'd5f00be6b941d8911cccdb47403e4bb6f7ceb14b',
    reason: null,
    build_name: 'codespaces-browserstack-mobile  20',
    project_name: 'Untitled Project',
    build_hashed_id: 'e53465058c01c149a38dea13d3080ebc6be325a0',
    test_priority: null
  }
}. Done for sessionId d5f00be6b941d8911cccdb47403e4bb6f7ceb14b
[90m2025-12-27T06:49:17.544Z[39m [96mINFO[39m [97m@wdio/browserstack-service[39m Marking session status for Automate
[90m2025-12-27T06:49:17.898Z[39m [32mDEBUG[39m [97m@wdio/browserstack-service[39m Session status updated: {
  automation_session: {
    hashed_id: 'd5f00be6b941d8911cccdb47403e4bb6f7ceb14b',
    name: 'BDO Online Banking - Page Load Test - should open BDO Online Banking and validate full page readiness',
    status: 'passed',
    os: 'android',
    os_version: '14.0',
    browser: 'chrome_android',
    browser_version: null,
    device: 'Samsung Galaxy S24',
    duration: null,
    reason: null,
    build_name: 'codespaces-browserstack-mobile  20',
    project_name: 'Untitled Project',
    build_hashed_id: 'e53465058c01c149a38dea13d3080ebc6be325a0',
    test_priority: null
  }
}. Done for sessionId d5f00be6b941d8911cccdb47403e4bb6f7ceb14b
[90m2025-12-27T06:49:17.898Z[39m [32mDEBUG[39m [97m@wdio/browserstack-service[39m teardown started
[90m2025-12-27T06:49:17.899Z[39m [32mDEBUG[39m [97m@wdio/browserstack-service[39m teardown ended
[90m2025-12-27T06:49:21.753Z[39m [32mDEBUG[39m [97m@wdio/browserstack-service[39m Inside OnComplete hook..
[90m2025-12-27T06:49:21.753Z[39m [32mDEBUG[39m [97m@wdio/browserstack-service[39m stop: CLI stop triggered
[90m2025-12-27T06:49:21.753Z[39m [32mDEBUG[39m [97m@wdio/browserstack-service[39m Sending stop launch event
[90m2025-12-27T06:49:21.754Z[39m [32mDEBUG[39m [97m@wdio/browserstack-service[39m Stopping bin session
[90m2025-12-27T06:49:24.866Z[39m [96mINFO[39m [97m@wdio/browserstack-service[39m StopBinSession successful
[90m2025-12-27T06:49:24.867Z[39m [32mDEBUG[39m [97m@wdio/browserstack-service[39m stop: stopBinSession response={"success":true,"automateBuildlink":"https://automate.browserstack.com/dashboard/v2/builds/e53465058c01c149a38dea13d3080ebc6be325a0","hashedId":"e53465058c01c149a38dea13d3080ebc6be325a0"}
[90m2025-12-27T06:49:24.867Z[39m [32mDEBUG[39m [97m@wdio/browserstack-service[39m Unconfiguring modules
[90m2025-12-27T06:49:24.867Z[39m [32mDEBUG[39m [97m@wdio/browserstack-service[39m Configured module WebdriverIOModule with binSessionId=null, platformIndex=0
[90m2025-12-27T06:49:24.867Z[39m [32mDEBUG[39m [97m@wdio/browserstack-service[39m Configured module AutomateModule with binSessionId=null, platformIndex=0
[90m2025-12-27T06:49:24.867Z[39m [32mDEBUG[39m [97m@wdio/browserstack-service[39m Configured module ObservabilityModule with binSessionId=null, platformIndex=0
[90m2025-12-27T06:49:24.867Z[39m [32mDEBUG[39m [97m@wdio/browserstack-service[39m Configured module TestHubModule with binSessionId=null, platformIndex=0
[90m2025-12-27T06:49:24.867Z[39m [32mDEBUG[39m [97m@wdio/browserstack-service[39m stop: shutting down CLI
[90m2025-12-27T06:49:24.879Z[39m [32mDEBUG[39m [97m@wdio/browserstack-service[39m stop: CLI process exited
[90m2025-12-27T06:49:26.882Z[39m [96mINFO[39m [97m@wdio/browserstack-service[39m BrowserStack service run ended for id: 17b76417-116d-4b66-bb95-26cb0abbe3c0 testhub id: cdwhsqrw8fcxzdl5c10fecaxzgisyakwylk1zinm
[90m2025-12-27T06:49:26.883Z[39m [32mDEBUG[39m [97m@wdio/browserstack-service[39m Reading worker file worker-data-28735.json
[90m2025-12-27T06:49:26.883Z[39m [32mDEBUG[39m [97m@wdio/browserstack-service[39m Reading worker file worker-data-28743.json
[90m2025-12-27T06:49:26.884Z[39m [32mDEBUG[39m [97m@wdio/browserstack-service[39m Sending SDK event with data {
  userName: '[REDACTED]',
  accessKey: '[REDACTED]',
  event_type: 'SDKTestSuccessful',
  detectedFramework: 'WebdriverIO-mocha',
  event_properties: {
    sdkRunId: '17b76417-116d-4b66-bb95-26cb0abbe3c0',
    testhub_uuid: 'cdwhsqrw8fcxzdl5c10fecaxzgisyakwylk1zinm',
    language_framework: 'WebdriverIO_mocha',
    referrer: 'WebdriverIO-mocha/9.21.0',
    language: 'WebdriverIO',
    languageVersion: 'v24.11.1',
    buildName: 'codespaces-browserstack-mobile',
    buildIdentifier: 'undefined',
    os: 'Linux',
    hostname: 'codespaces-3282eb',
    productMap: {
      observability: true,
      accessibility: null,
      percy: false,
      automate: true,
      app_automate: false
    },
    product: [ 'observability', 'automate' ],
    framework: 'mocha',
    productUsage: {
      testObservability: {
        enabled: true,
        manuallySet: false,
        buildHashedId: 'cdwhsqrw8fcxzdl5c10fecaxzgisyakwylk1zinm',
        events: {
          buildEvents: {
            started: {
              isTriggered: undefined,
              status: undefined,
              error: undefined
            },
            finished: {
              isTriggered: undefined,
              status: undefined,
              error: undefined
            }
          },
          testEvents: {
            started: { triggeredCount: 0, sentCount: 0, failedCount: 0 },
            finished: { triggeredCount: 0, sentCount: 0, failedCount: 0 }
          },
          hookEvents: {
            started: { triggeredCount: 0, sentCount: 0, failedCount: 0 },
            finished: { triggeredCount: 0, sentCount: 0, failedCount: 0 }
          },
          logEvents: { triggeredCount: 0, sentCount: 0, failedCount: 0 },
          cbtSessionEvents: { triggeredCount: 0, sentCount: 0, failedCount: 0 }
        }
      }
    }
  }
}
[90m2025-12-27T06:49:27.196Z[39m [32mDEBUG[39m [97m@wdio/browserstack-service[39m Funnel Event Response: "{\"message\":\"SDK Event recorded successfully\"}"
[90m2025-12-27T06:49:27.196Z[39m [32mDEBUG[39m [97m@wdio/browserstack-service[39m Funnel event success
[90m2025-12-27T06:49:28.081Z[39m [96mINFO[39m [97m@wdio/browserstack-service[39m Upload response: {
  "status": "failed",
  "message": "File not attached. Visit https://www.browserstack.com/docs/test-observability/quick-start/junit-reports for more details."
}
[90m2025-12-27T06:49:29.583Z[39m [32mDEBUG[39m [97m@wdio/browserstack-service[39m Successfully uploaded performance events Bravo
